time,temperature,pressure,gpsAltitude,pressureAltitude,gpsAltSeaLevel,pressureAltSeaLevel,verticalSpeed,horizontalSpeed,batteryVoltage,battery,latitude,longitude,predictedLongitude,predictedLatitude,CO2,CO,CH4,NO2,SO2,TVOC
2025-05-07T09:35:45.551797,22.4,831.0,0.0,1470.9,0.0,1635.9,991.8,0.0,7.91,84.7368421052632,0.0,0.0,17.123456,48.123456,273.7,5.8,2.51,0.0,0.0,0.0
2025-05-07T09:35:47.228792,16.9,993.0,0.0,1.0,0.0,166.0,5689.5,0.0,7.95,86.84210526315795,0.0,0.0,17.123456,48.123456,259.7,5.1,2.4,0.0,0.0,0.0
2025-05-07T09:35:48.853710,16.9,993.0,0.0,1.0,0.0,166.0,0.0,0.0,7.95,86.84210526315795,0.0,0.0,17.123456,48.123456,259.7,5.05,2.3,0.0,0.0,0.0
2025-05-07T09:35:50.714980,16.9,993.0,0.0,1.1,0.0,166.1,0.0,0.0,7.95,86.84210526315795,0.0,0.0,17.123456,48.123456,273.7,3.31,2.25,0.0,0.0,0.0
2025-05-07T09:35:52.777751,16.9,993.0,0.0,1.1,0.0,166.1,0.0,0.0,7.88,83.15789473684212,0.0,0.0,17.123456,48.123456,257.7,3.0,2.23,0.0,0.0,0.0
2025-05-07T09:35:54.851533,16.9,993.0,0.0,1.1,0.0,166.1,0.0,0.0,7.84,81.0526315789474,0.0,0.0,17.123456,48.123456,259.7,2.87,2.21,0.0,0.0,0.0
2025-05-07T09:35:58.187925,16.9,993.0,0.0,1.1,0.0,166.1,0.0,0.1,7.91,84.7368421052632,48.622736,18.337008,17.123456,48.123456,265.7,2.73,2.14,0.0,0.0,0.0
2025-05-07T09:36:00.039335,16.9,993.0,214.5,1.0,214.5,166.0,0.0,0.3,7.91,84.7368421052632,48.62276,18.337038,17.123456,48.123456,267.7,2.59,2.14,0.0,0.0,0.0
2025-05-07T09:36:02.036880,16.9,993.0,213.5,1.0,213.5,166.0,0.0,0.3,7.94,86.31578947368426,48.622756,18.337018,17.123456,48.123456,263.7,2.0,2.15,0.0,0.0,0.0
2025-05-07T09:36:04.023044,16.9,993.0,212.6,1.0,212.6,166.0,0.0,0.1,7.9,84.21052631578952,48.622752,18.336996,17.123456,48.123456,263.7,1.88,2.16,0.0,0.0,0.0
2025-05-07T09:36:06.009585,16.9,993.0,212.2,0.0,212.2,166.1,6553.1,0.0,7.91,84.7368421052632,48.622752,18.336994,17.123456,48.123456,265.7,1.88,2.12,0.0,0.0,0.0
2025-05-07T09:36:07.998426,16.9,993.0,41.7,0.0,212.3,166.1,0.0,0.5,7.91,84.7368421052632,48.622748,18.337006,17.123456,48.123456,265.7,1.88,2.08,0.0,0.0,0.0
2025-05-07T09:36:09.994987,16.9,993.0,41.7,0.0,212.3,166.1,0.0,0.8,7.93,85.78947368421055,48.622752,18.336968,17.123456,48.123456,265.7,1.84,2.06,0.0,0.0,0.0
2025-05-07T09:36:11.985536,16.9,993.0,42.5,0.0,213.1,166.0,0.0,0.7,7.93,85.78947368421055,48.622756,18.33696,17.123456,48.123456,265.7,1.84,2.04,0.0,0.0,0.0
2025-05-07T09:36:13.967689,16.9,993.0,42.5,0.0,213.1,166.1,0.0,0.8,7.92,85.26315789473688,48.622748,18.336952,17.123456,48.123456,267.7,1.81,2.06,0.0,0.0,0.0
2025-05-07T09:36:15.958488,16.9,993.0,43.4,0.0,214.0,166.0,0.0,0.8,7.93,85.78947368421055,48.62274,18.336952,17.123456,48.123456,262.7,1.8,2.09,0.0,0.0,0.0
2025-05-07T09:36:17.735112,16.9,993.0,43.9,0.0,214.5,166.0,0.0,0.8,7.92,85.26315789473688,48.622736,18.336968,17.123456,48.123456,271.7,1.75,2.11,0.0,0.0,0.0
2025-05-07T09:36:20.011908,16.9,993.0,46.1,0.0,216.7,166.0,0.0,1.0,7.89,83.68421052631581,48.622716,18.337026,17.123456,48.123456,273.7,1.76,2.14,0.0,0.0,5.0
2025-05-07T09:36:22.003080,16.9,993.0,46.2,0.0,216.8,166.0,0.0,0.8,7.86,82.10526315789478,48.622716,18.337036,17.123456,48.123456,275.7,1.76,2.16,0.0,0.0,0.0
2025-05-07T09:36:23.993701,16.9,993.0,46.3,0.0,216.9,166.1,0.0,0.8,7.88,83.15789473684212,48.622712,18.337048,17.123456,48.123456,277.7,1.77,2.17,0.0,0.0,5.0
2025-05-07T09:36:25.777460,16.9,993.0,45.6,0.0,216.2,166.1,0.0,0.8,7.91,84.7368421052632,48.622716,18.33704,17.123456,48.123456,281.7,1.76,2.17,0.0,0.0,6.0
2025-05-07T09:36:28.048224,16.9,993.0,45.9,0.0,216.5,166.1,0.0,0.5,7.92,85.26315789473688,48.622716,18.337058,17.123456,48.123456,281.7,1.76,2.17,0.0,0.0,2.0
2025-05-07T09:36:30.038036,16.9,993.0,45.9,0.0,216.5,166.1,0.0,0.0,7.92,85.26315789473688,48.62272,18.337064,17.123456,48.123456,283.7,1.76,2.16,0.0,0.0,0.0
2025-05-07T09:36:32.030129,16.9,993.0,46.5,0.0,217.1,166.1,0.0,0.0,7.92,85.26315789473688,48.62272,18.33706,17.123456,48.123456,285.7,1.76,2.16,0.0,0.0,0.0
2025-05-07T09:36:34.029923,16.9,993.0,46.5,0.0,217.1,166.1,0.0,0.0,7.86,82.10526315789478,48.62272,18.33706,17.123456,48.123456,289.7,1.76,2.15,0.0,0.0,0.0
2025-05-07T09:36:36.014825,16.9,993.0,46.5,0.0,217.1,166.1,0.0,0.0,7.91,84.7368421052632,48.62272,18.33706,17.123456,48.123456,292.0,1.78,2.1,0.0,0.0,0.0
2025-05-07T09:36:38.033728,16.9,993.0,46.5,0.0,217.1,166.0,0.0,0.0,7.86,82.10526315789478,48.62272,18.33706,17.123456,48.123456,295.7,1.75,2.04,0.0,0.0,0.0
2025-05-07T09:36:40.098003,16.9,993.0,44.2,0.0,214.8,166.1,0.0,0.0,7.89,83.68421052631581,48.622684,18.33681,17.123456,48.123456,297.7,1.75,2.02,0.0,0.0,0.0
2025-05-07T09:36:41.872609,16.9,993.0,42.3,0.0,212.9,166.1,0.0,0.0,7.91,84.7368421052632,48.622684,18.33673,17.123456,48.123456,299.7,1.77,2.01,0.0,0.0,0.0
2025-05-07T09:36:44.085870,16.9,993.0,41.2,0.0,211.8,166.1,0.0,2.3,7.85,81.57894736842107,48.62268,18.336636,17.123456,48.123456,299.7,0.0,2.02,0.0,0.0,0.0
2025-05-07T09:36:46.042709,16.9,993.0,40.5,0.0,211.1,166.1,0.0,2.3,7.92,85.26315789473688,48.62268,18.336626,17.123456,48.123456,303.6,0.0,2.03,0.0,0.0,4.0
2025-05-07T09:36:48.033042,16.9,993.0,39.9,0.0,210.5,166.1,0.0,2.2,7.88,83.15789473684212,48.62268,18.336614,17.123456,48.123456,305.6,0.0,2.05,0.0,0.0,3.0
2025-05-07T09:36:50.024490,16.9,993.0,39.0,0.0,209.6,166.0,0.0,2.0,7.91,84.7368421052632,48.622684,18.336622,17.123456,48.123456,305.6,0.0,2.06,0.0,0.0,7.0
2025-05-07T09:36:52.014941,16.9,993.0,38.6,0.0,209.2,166.0,0.0,1.5,7.92,85.26315789473688,48.622684,18.336646,17.123456,48.123456,305.6,0.0,2.07,0.0,0.0,14.0
2025-05-07T09:36:54.007542,16.9,993.0,38.4,0.0,209.0,166.0,0.0,0.0,7.91,84.7368421052632,48.622676,18.33665,17.123456,48.123456,305.6,0.0,2.06,0.0,0.0,13.0
2025-05-07T09:36:55.998571,16.9,993.0,39.1,0.0,209.7,166.0,0.0,0.0,7.91,84.7368421052632,48.622672,18.336668,17.123456,48.123456,305.6,0.0,2.02,0.0,0.0,8.0
2025-05-07T09:36:57.992909,16.9,993.0,39.1,0.0,209.7,166.1,0.0,0.0,7.86,82.10526315789478,48.622672,18.336668,17.123456,48.123456,305.6,0.0,2.01,0.0,0.0,0.0
2025-05-07T09:37:00.125023,16.9,993.0,39.1,0.0,209.7,166.0,0.0,2.2,7.85,81.57894736842107,48.622672,18.336668,17.123456,48.123456,305.6,0.0,2.05,0.0,0.0,15.0
2025-05-07T09:37:02.187952,16.9,993.0,39.3,0.0,209.9,166.0,0.0,0.0,7.91,84.7368421052632,48.622668,18.336746,17.123456,48.123456,307.6,0.0,2.1,0.0,0.0,13.0
2025-05-07T09:37:03.899477,16.9,993.0,39.1,0.0,209.7,166.1,0.0,0.0,7.89,83.68421052631581,48.622672,18.336724,17.123456,48.123456,307.6,0.0,2.13,0.0,0.0,18.0
2025-05-07T09:37:06.110711,16.9,993.0,39.0,0.0,209.6,166.1,0.0,1.5,7.84,81.0526315789474,48.622668,18.336702,17.123456,48.123456,307.6,0.0,2.16,0.0,0.0,23.0
2025-05-07T09:37:08.187924,16.9,993.0,37.4,0.0,208.0,166.2,0.0,3.2,7.86,82.10526315789478,48.622664,18.336572,17.123456,48.123456,307.6,0.0,2.19,0.0,0.0,33.0
2025-05-07T09:37:10.077132,16.9,993.0,36.6,0.0,207.2,166.1,0.0,0.0,7.9,84.21052631578952,48.62266,18.336584,17.123456,48.123456,307.6,0.0,2.21,0.0,0.0,39.0
2025-05-07T09:37:12.084015,16.9,993.0,36.3,0.0,206.9,166.1,0.0,2.4,7.89,83.68421052631581,48.622668,18.336584,17.123456,48.123456,307.6,0.0,2.17,0.0,0.0,44.0
2025-05-07T09:37:14.098547,16.9,993.0,35.9,0.0,206.5,166.1,0.0,1.5,7.86,82.10526315789478,48.622676,18.336606,17.123456,48.123456,307.6,0.0,2.19,0.0,0.0,46.0
2025-05-07T09:38:55.196086,17.7,993.0,36.4,0.0,207.0,165.7,0.0,0.0,7.85,81.57894736842107,48.62262,18.336486,17.123456,48.123456,361.6,0.0,2.14,0.0,0.0,67.0
2025-05-07T09:38:57.292574,17.8,993.0,36.4,0.0,207.0,165.7,0.0,0.0,7.86,82.10526315789478,48.62262,18.336486,17.123456,48.123456,358.0,0.0,2.12,0.0,0.0,71.0
2025-05-07T09:38:59.273579,17.8,993.0,36.4,0.0,207.0,165.7,0.0,0.0,7.86,82.10526315789478,48.62262,18.336486,17.123456,48.123456,355.6,0.0,2.11,0.0,0.0,66.0
2025-05-07T09:39:01.214509,17.8,993.0,36.4,0.0,207.0,165.6,0.0,0.0,7.85,81.57894736842107,48.62262,18.336486,17.123456,48.123456,353.6,0.0,2.1,0.0,0.0,72.0
2025-05-07T09:39:03.006755,17.8,993.0,36.4,0.0,207.0,165.5,0.0,0.0,7.86,82.10526315789478,48.62262,18.336486,17.123456,48.123456,349.6,0.0,2.11,0.0,0.0,75.0
2025-05-07T09:39:04.923768,17.8,993.0,36.4,0.0,207.0,165.5,0.0,0.0,7.84,81.0526315789474,48.62262,18.336486,17.123456,48.123456,346.0,0.0,2.11,0.0,0.0,78.0
2025-05-07T09:39:06.961758,17.9,993.0,36.4,0.0,207.0,165.5,0.0,0.0,7.88,83.15789473684212,48.62262,18.336486,17.123456,48.123456,343.6,0.0,2.12,0.0,0.0,66.0
2025-05-07T09:39:09.261877,17.9,993.0,36.4,0.0,207.0,165.5,0.0,0.0,7.82,80.00000000000004,48.62262,18.336486,17.123456,48.123456,339.6,0.0,2.13,0.0,0.0,78.0
2025-05-07T09:39:11.339995,17.9,993.0,36.4,0.0,207.0,165.5,0.0,0.0,7.82,80.00000000000004,48.62262,18.336486,17.123456,48.123456,337.6,0.0,2.13,0.0,0.0,77.0
2025-05-07T09:39:13.264922,17.9,993.0,36.4,0.0,207.0,165.6,0.0,0.0,7.86,82.10526315789478,48.62262,18.336486,17.123456,48.123456,335.6,0.0,2.14,0.0,0.0,73.0
2025-05-07T09:39:15.333595,17.9,993.0,36.4,0.0,207.0,165.6,0.0,0.0,7.83,80.52631578947373,48.62262,18.336486,17.123456,48.123456,333.6,0.0,2.14,0.0,0.0,78.0
2025-05-07T09:39:17.247136,18.0,993.0,36.4,0.0,207.0,165.5,0.0,0.0,7.88,83.15789473684212,48.62262,18.336486,17.123456,48.123456,331.6,0.0,2.13,0.0,0.0,82.0
2025-05-07T09:39:19.204207,18.0,993.0,36.4,0.0,207.0,165.6,0.0,2.7,7.88,83.15789473684212,48.622664,18.336532,17.123456,48.123456,330.0,0.0,2.12,0.0,0.0,80.0
2025-05-07T09:39:21.092646,18.0,993.0,36.7,0.0,207.3,165.5,0.0,2.7,7.88,83.15789473684212,48.62266,18.336526,17.123456,48.123456,328.0,0.0,2.13,0.0,0.0,74.0
2025-05-07T09:39:23.281103,18.0,993.0,36.7,0.0,207.3,165.6,0.0,0.0,7.89,83.68421052631581,48.622664,18.336524,17.123456,48.123456,326.0,0.0,2.12,0.0,0.0,75.0
2025-05-07T09:39:25.256736,18.1,993.0,36.7,0.0,207.3,165.7,0.0,0.0,7.86,82.10526315789478,48.622664,18.336524,17.123456,48.123456,326.0,0.0,2.15,0.0,0.0,79.0
2025-05-07T09:39:27.228405,18.1,993.0,36.7,0.0,207.3,165.8,0.0,2.4,7.84,81.0526315789474,48.622664,18.336524,17.123456,48.123456,328.0,0.0,2.14,0.0,0.0,68.0
2025-05-07T09:39:29.140648,18.1,993.0,36.8,0.0,207.4,165.8,0.0,2.0,7.89,83.68421052631581,48.622684,18.336528,17.123456,48.123456,329.6,0.0,2.17,0.0,0.0,89.0
2025-05-07T09:39:31.285937,18.1,993.0,36.8,0.0,207.4,165.8,0.0,0.0,7.82,80.00000000000004,48.62266,18.336524,17.123456,48.123456,324.9,0.0,2.16,0.0,0.0,87.0
2025-05-07T09:39:33.359017,18.2,993.0,36.8,0.0,207.4,165.9,0.0,0.0,7.84,81.0526315789474,48.622648,18.336508,17.123456,48.123456,341.6,0.0,2.17,0.0,0.0,84.0
2025-05-07T09:39:35.106057,18.2,993.0,36.8,0.0,207.4,165.9,0.0,0.0,7.9,84.21052631578952,48.622648,18.336508,17.123456,48.123456,363.6,0.0,2.2,0.0,0.0,91.0
2025-05-07T09:39:37.341621,18.2,993.0,36.8,0.0,207.4,166.0,0.0,0.0,7.83,80.52631578947373,48.622648,18.336508,17.123456,48.123456,414.0,0.0,2.15,0.0,0.0,94.0
2025-05-07T09:39:39.065771,18.2,993.0,36.8,0.0,207.4,165.9,0.0,0.0,7.89,83.68421052631581,48.622648,18.336508,17.123456,48.123456,458.0,0.0,2.12,0.0,0.0,93.0
2025-05-07T09:39:40.822603,18.3,993.0,36.8,0.0,207.4,165.9,0.0,0.0,7.86,82.10526315789478,48.622648,18.336508,17.123456,48.123456,488.0,0.0,2.14,0.0,0.0,100.0
2025-05-07T09:39:44.325599,18.3,993.0,36.8,0.0,207.4,165.8,0.0,0.0,7.88,83.15789473684212,48.622648,18.336508,17.123456,48.123456,516.0,0.0,2.13,0.0,0.0,99.0
2025-05-07T09:39:46.393525,18.3,993.0,36.8,0.0,207.4,165.9,0.0,1.5,7.84,81.0526315789474,48.622648,18.336508,17.123456,48.123456,515.4,0.0,2.1,0.0,0.0,99.0
2025-05-07T09:39:48.343093,18.4,993.0,36.8,0.0,207.4,165.9,0.0,2.7,7.86,82.10526315789478,48.62258,18.336456,17.123456,48.123456,507.4,0.0,2.09,0.0,0.0,97.0
2025-05-07T09:39:50.350671,18.4,993.0,36.8,0.0,207.4,165.9,0.0,0.0,7.84,81.0526315789474,48.622576,18.336458,17.123456,48.123456,507.4,0.0,2.1,0.0,0.0,95.0
2025-05-07T09:39:52.252571,18.4,993.0,36.9,0.0,207.5,166.0,0.0,1.8,7.86,82.10526315789478,48.622576,18.336452,17.123456,48.123456,500.0,0.0,2.11,0.0,0.0,98.0
2025-05-07T09:39:54.416309,18.4,993.0,36.9,0.0,207.5,166.0,0.0,0.0,7.84,81.0526315789474,48.622576,18.336452,17.123456,48.123456,511.4,0.0,2.1,0.0,0.0,101.0
2025-05-07T09:39:56.597248,18.4,993.0,36.9,0.0,207.5,166.1,0.0,0.0,7.89,83.68421052631581,48.622576,18.336452,17.123456,48.123456,515.4,0.0,2.08,0.0,0.0,93.0
2025-05-07T09:39:58.837822,18.5,993.0,36.9,0.0,207.5,166.1,0.0,1.5,7.85,81.57894736842107,48.622576,18.336452,17.123456,48.123456,511.4,0.0,2.09,0.0,0.0,92.0
2025-05-07T09:40:00.934682,18.5,993.0,36.9,0.0,207.5,166.2,0.0,1.5,7.85,81.57894736842107,48.622576,18.336452,17.123456,48.123456,507.4,0.0,2.09,0.0,0.0,95.0
2025-05-07T09:40:03.555928,18.5,993.0,36.9,0.0,207.5,166.1,0.0,0.0,7.86,82.10526315789478,48.622576,18.336452,17.123456,48.123456,504.0,0.0,2.05,0.0,0.0,90.0
2025-05-07T09:40:05.486994,18.6,993.0,36.9,0.0,207.5,166.1,0.0,0.0,7.82,80.00000000000004,48.622576,18.336452,17.123456,48.123456,496.0,0.0,2.02,0.0,0.0,93.0
2025-05-07T09:40:07.425193,18.6,993.0,36.9,0.0,207.5,166.1,0.0,0.0,7.83,80.52631578947373,48.622576,18.336452,17.123456,48.123456,487.5,0.0,2.01,0.0,0.0,69.0
2025-05-07T09:40:09.574364,18.6,993.0,36.9,0.0,207.5,166.1,0.0,0.0,7.84,81.0526315789474,48.622576,18.336452,17.123456,48.123456,480.0,0.0,1.99,0.0,0.0,56.0
2025-05-07T09:40:11.634772,18.6,993.0,36.9,0.0,207.5,166.1,0.0,0.0,7.84,81.0526315789474,48.622576,18.336452,17.123456,48.123456,471.5,0.0,1.97,0.0,0.0,52.0
2025-05-07T09:40:13.770783,18.7,993.0,36.9,0.0,207.5,166.0,0.0,0.0,7.81,79.47368421052633,48.622576,18.336452,17.123456,48.123456,460.0,0.0,2.0,0.0,0.0,49.0
2025-05-07T09:40:15.912510,18.7,993.0,36.9,0.0,207.5,166.0,0.0,0.0,7.89,83.68421052631581,48.622576,18.336452,17.123456,48.123456,448.0,0.0,2.05,0.0,0.0,52.0
2025-05-07T09:40:18.616502,18.7,993.0,36.9,0.0,207.5,166.1,0.0,0.0,7.73,75.26315789473689,48.622576,18.336452,17.123456,48.123456,437.5,0.0,2.03,0.0,0.0,64.0
2025-05-07T09:40:20.758916,18.7,993.0,36.9,0.0,207.5,166.1,0.0,0.0,7.82,80.00000000000004,48.622576,18.336452,17.123456,48.123456,415.5,0.0,2.07,0.0,0.0,73.0
2025-05-07T09:40:22.877980,18.8,993.0,36.9,0.0,207.5,166.1,0.0,0.0,7.81,79.47368421052633,48.622576,18.336452,17.123456,48.123456,380.0,0.0,2.08,0.0,0.0,60.0
2025-05-07T09:40:25.249771,18.8,993.0,36.9,0.0,207.5,166.1,0.0,0.0,7.86,82.10526315789478,48.622576,18.336452,17.123456,48.123456,367.6,0.0,2.04,0.0,0.0,64.0
2025-05-07T09:40:27.567368,18.8,993.0,36.9,0.0,207.5,166.1,0.0,0.0,7.81,79.47368421052633,48.622576,18.336452,17.123456,48.123456,355.6,0.0,2.07,0.0,0.0,66.0
2025-05-07T09:40:29.593762,18.8,993.0,36.9,0.0,207.5,166.1,0.0,0.0,7.88,83.15789473684212,48.622576,18.336452,17.123456,48.123456,345.6,0.0,2.11,0.0,0.0,76.0
2025-05-07T09:40:31.633169,18.9,993.0,36.9,0.0,207.5,166.1,0.0,0.0,7.82,80.00000000000004,48.622576,18.336452,17.123456,48.123456,334.0,0.0,2.09,0.0,0.0,84.0
2025-05-07T09:40:33.729002,18.9,993.0,36.9,0.0,207.5,166.1,0.0,0.0,7.83,80.52631578947373,48.622576,18.336452,17.123456,48.123456,323.6,0.0,2.09,0.0,0.0,91.0
2025-05-07T09:40:35.781466,18.9,993.0,36.9,0.0,207.5,166.2,0.0,0.0,7.82,80.00000000000004,48.622576,18.336452,17.123456,48.123456,316.0,0.0,2.09,0.0,0.0,82.0
2025-05-07T09:40:37.824177,19.0,993.0,38.3,0.0,208.9,166.2,0.0,0.0,7.84,81.0526315789474,48.622496,18.336394,17.123456,48.123456,315.6,0.0,2.08,0.0,0.0,82.0
2025-05-07T09:40:39.888131,19.0,993.0,38.4,0.0,209.0,166.2,0.0,0.0,7.88,83.15789473684212,48.622488,18.336386,17.123456,48.123456,314.0,0.0,2.04,0.0,0.0,75.0
2025-05-07T09:40:42.576692,19.0,993.0,38.8,0.0,209.4,166.2,0.0,1.7,7.86,82.10526315789478,48.622512,18.336426,17.123456,48.123456,315.6,0.0,2.07,0.0,0.0,74.0
2025-05-07T09:40:44.676666,19.0,993.0,38.8,0.0,209.4,166.2,0.0,1.7,7.82,80.00000000000004,48.622524,18.33644,17.123456,48.123456,319.6,0.0,2.07,0.0,0.0,76.0
2025-05-07T09:40:46.732429,19.1,993.0,39.0,0.0,209.6,166.2,0.0,1.7,7.78,77.8947368421053,48.622532,18.336446,17.123456,48.123456,325.6,0.0,2.09,0.0,0.0,82.0
2025-05-07T09:40:48.780825,19.1,993.0,39.0,0.0,209.6,166.3,0.0,1.7,7.84,81.0526315789474,48.622528,18.33644,17.123456,48.123456,333.6,0.0,2.11,0.0,0.0,74.0
2025-05-07T09:40:50.844264,19.1,993.0,39.0,0.0,209.6,166.2,0.0,1.7,7.84,81.0526315789474,48.62252,18.336426,17.123456,48.123456,335.6,0.0,2.11,0.0,0.0,80.0
2025-05-07T09:40:52.947490,19.1,993.0,39.0,0.0,209.6,166.2,0.0,1.7,7.81,79.47368421052633,48.622504,18.336398,17.123456,48.123456,342.0,0.0,2.11,0.0,0.0,89.0
2025-05-07T09:40:55.564460,19.1,993.0,39.0,0.0,209.6,166.2,0.0,1.9,7.82,80.00000000000004,48.622512,18.336374,17.123456,48.123456,344.0,0.0,2.13,0.0,0.0,87.0
2025-05-07T09:40:57.638717,19.2,993.0,39.1,0.0,209.7,166.2,0.0,1.9,7.86,82.10526315789478,48.622516,18.336386,17.123456,48.123456,346.0,0.0,2.15,0.0,0.0,89.0
2025-05-07T09:40:59.711670,19.2,993.0,39.1,0.0,209.7,166.1,0.0,1.9,7.86,82.10526315789478,48.62252,18.336406,17.123456,48.123456,347.6,0.0,2.12,0.0,0.0,93.0
2025-05-07T09:41:01.872161,19.2,993.0,39.1,0.0,209.7,166.1,0.0,1.9,7.86,82.10526315789478,48.62252,18.3364,17.123456,48.123456,346.0,0.0,2.1,0.0,0.0,92.0
2025-05-07T09:41:04.284518,19.3,993.0,39.1,0.0,209.7,166.1,0.0,1.9,7.82,80.00000000000004,48.622528,18.336434,17.123456,48.123456,345.6,0.0,2.08,0.0,0.0,86.0
2025-05-07T09:41:06.619955,19.3,993.0,39.1,0.0,209.7,166.2,0.0,0.0,7.81,79.47368421052633,48.622528,18.336434,17.123456,48.123456,345.6,0.0,2.04,0.0,0.0,83.0
2025-05-07T09:41:08.706069,19.3,993.0,39.1,0.0,209.7,166.2,0.0,0.0,7.88,83.15789473684212,48.622528,18.336434,17.123456,48.123456,343.6,0.0,2.07,0.0,0.0,76.0
2025-05-07T09:41:10.798152,19.3,993.0,39.1,0.0,209.7,166.2,0.0,0.0,7.86,82.10526315789478,48.622528,18.336434,17.123456,48.123456,339.6,0.0,2.08,0.0,0.0,85.0
2025-05-07T09:41:12.984415,19.4,993.0,39.1,0.0,209.7,166.1,0.0,0.0,7.88,83.15789473684212,48.622528,18.336434,17.123456,48.123456,335.6,5.3,2.08,0.0,0.0,73.0
2025-05-07T09:41:15.456410,19.4,993.0,39.5,0.0,210.1,166.1,0.0,2.5,7.85,81.57894736842107,48.622548,18.33648,17.123456,48.123456,333.6,3.42,2.07,0.0,0.0,74.0
2025-05-07T09:41:17.417221,19.4,993.0,39.6,0.0,210.2,166.2,0.0,2.5,7.83,80.52631578947373,48.622548,18.33648,17.123456,48.123456,332.0,2.92,2.08,0.0,0.0,76.0
2025-05-07T09:41:19.505560,19.4,993.0,39.8,0.0,210.4,166.2,0.0,0.0,7.84,81.0526315789474,48.622544,18.336474,17.123456,48.123456,330.0,2.84,2.1,0.0,0.0,79.0
2025-05-07T09:41:21.632518,19.5,993.0,39.8,0.0,210.4,166.1,0.0,0.0,7.86,82.10526315789478,48.622544,18.336474,17.123456,48.123456,327.6,2.71,2.06,0.0,0.0,81.0
2025-05-07T09:41:23.588523,19.5,993.0,39.8,0.0,210.4,166.1,0.0,0.0,7.8,78.94736842105266,48.622544,18.336474,17.123456,48.123456,325.6,2.46,2.05,0.0,0.0,75.0
2025-05-07T09:41:25.510644,19.5,993.0,39.8,0.0,210.4,166.1,0.0,0.0,7.82,80.00000000000004,48.62254,18.336476,17.123456,48.123456,322.0,1.98,2.04,0.0,0.0,75.0
2025-05-07T09:41:27.424631,19.5,993.0,40.1,0.0,210.7,166.1,0.0,0.0,7.85,81.57894736842107,48.622512,18.33648,17.123456,48.123456,322.0,1.96,2.01,0.0,0.0,71.0
2025-05-07T09:41:29.558778,19.6,993.0,40.5,0.0,211.1,166.2,0.0,2.9,7.81,79.47368421052633,48.62248,18.336476,17.123456,48.123456,319.6,1.92,2.0,0.0,0.0,57.0
2025-05-07T09:41:31.621445,19.6,993.0,40.6,0.0,211.2,166.1,0.0,2.9,7.85,81.57894736842107,48.622464,18.336462,17.123456,48.123456,317.6,1.88,2.0,0.0,0.0,54.0
2025-05-07T09:41:33.731523,19.6,993.0,41.5,0.0,212.1,166.0,0.0,2.9,7.81,79.47368421052633,48.62244,18.336442,17.123456,48.123456,316.0,1.85,1.99,0.0,0.0,38.0
2025-05-07T09:41:35.771621,19.6,993.0,41.8,0.0,212.4,166.1,0.0,2.9,7.81,79.47368421052633,48.622428,18.336434,17.123456,48.123456,315.6,1.81,1.98,0.0,0.0,33.0
2025-05-07T09:41:37.829222,19.7,993.0,42.0,0.0,212.6,166.1,0.0,2.9,7.81,79.47368421052633,48.622428,18.336414,17.123456,48.123456,313.6,1.8,1.98,0.0,0.0,27.0
2025-05-07T09:41:39.887898,19.7,993.0,42.0,0.0,212.6,166.2,0.0,2.9,7.85,81.57894736842107,48.622408,18.336402,17.123456,48.123456,313.6,1.85,1.97,0.0,0.0,22.0
2025-05-07T09:41:42.854472,19.7,993.0,41.8,0.0,212.4,166.1,0.0,2.6,7.81,79.47368421052633,48.622416,18.336366,17.123456,48.123456,312.0,1.86,1.99,0.0,0.0,8.0
2025-05-07T09:41:45.208049,19.7,993.0,41.9,0.0,212.5,165.9,0.0,2.6,7.88,83.15789473684212,48.622428,18.336366,17.123456,48.123456,311.6,1.82,1.99,0.0,0.0,9.0
2025-05-07T09:41:47.878928,19.7,993.0,41.9,0.0,212.5,165.9,0.0,0.0,7.86,82.10526315789478,48.622432,18.336362,17.123456,48.123456,309.6,1.83,2.0,0.0,0.0,13.0
2025-05-07T09:41:50.794878,19.8,993.0,41.9,0.0,212.5,165.8,0.0,0.0,7.85,81.57894736842107,48.622432,18.336362,17.123456,48.123456,308.0,0.0,1.99,0.0,0.0,13.0
2025-05-07T09:41:53.146999,19.8,993.0,41.9,0.0,212.5,165.7,0.0,0.0,7.82,80.00000000000004,48.622432,18.336362,17.123456,48.123456,305.6,0.0,2.0,0.0,0.0,10.0
2025-05-07T09:41:55.427650,19.8,993.0,41.9,0.0,212.5,165.7,0.0,0.0,7.85,81.57894736842107,48.622432,18.336362,17.123456,48.123456,303.6,0.0,2.0,0.0,0.0,7.0
2025-05-07T09:41:57.267318,19.8,993.0,41.9,0.0,212.5,165.8,0.0,0.0,7.86,82.10526315789478,48.622432,18.336362,17.123456,48.123456,302.0,0.0,2.02,0.0,0.0,0.0
2025-05-07T09:41:59.302288,19.9,993.0,41.9,0.0,212.5,165.7,0.0,0.0,7.79,78.42105263157897,48.622432,18.336362,17.123456,48.123456,301.6,0.0,2.01,0.0,0.0,6.0
2025-05-07T09:42:26.379797,20.1,993.0,41.9,0.0,212.5,165.0,0.0,0.0,7.86,82.10526315789478,48.622432,18.336362,17.123456,48.123456,298.0,0.0,2.14,0.0,0.0,68.0
2025-05-07T09:42:28.618370,20.2,993.0,41.9,0.0,212.5,165.0,0.0,0.0,7.81,79.47368421052633,48.622432,18.336362,17.123456,48.123456,297.7,0.0,2.17,0.0,0.0,64.0
2025-05-07T09:42:30.781509,20.2,993.0,41.9,0.0,212.5,164.9,0.0,0.0,7.84,81.0526315789474,48.622432,18.336362,17.123456,48.123456,296.0,0.0,2.2,0.0,0.0,75.0
2025-05-07T09:42:33.041408,20.2,993.0,41.9,0.0,212.5,164.9,0.0,0.0,7.86,82.10526315789478,48.622432,18.336362,17.123456,48.123456,293.7,0.0,2.22,0.0,0.0,79.0
2025-05-07T09:42:35.579975,20.2,993.0,41.9,0.0,212.5,164.9,0.0,0.0,7.79,78.42105263157897,48.622432,18.336362,17.123456,48.123456,292.0,0.0,2.25,0.0,0.0,90.0
2025-05-07T09:42:37.765871,20.3,993.0,41.9,0.0,212.5,164.8,0.0,0.0,7.85,81.57894736842107,48.622432,18.336362,17.123456,48.123456,291.7,0.0,2.3,0.0,0.0,97.0
2025-05-07T09:42:39.933902,20.3,993.0,41.9,0.0,212.5,164.8,0.0,0.0,7.83,80.52631578947373,48.622432,18.336362,17.123456,48.123456,289.7,0.0,2.36,0.0,0.0,100.0
2025-05-07T09:42:42.177051,20.3,993.0,41.9,0.0,212.5,164.8,0.0,0.0,7.85,81.57894736842107,48.622432,18.336362,17.123456,48.123456,289.7,0.0,2.36,0.0,0.0,106.0
2025-05-07T09:42:45.109989,20.4,993.0,41.9,0.0,212.5,164.7,0.0,0.0,7.84,81.0526315789474,48.622432,18.336362,17.123456,48.123456,288.0,0.0,2.33,0.0,0.0,116.0
2025-05-07T09:42:47.696439,20.4,993.0,41.9,0.0,212.5,164.7,0.0,0.0,7.84,81.0526315789474,48.622432,18.336362,17.123456,48.123456,287.7,0.0,2.34,0.0,0.0,119.0
2025-05-07T09:42:49.854767,20.4,993.0,41.9,0.0,212.5,164.8,0.0,0.0,7.85,81.57894736842107,48.622432,18.336362,17.123456,48.123456,287.7,0.0,2.32,0.0,0.0,120.0
2025-05-07T09:42:52.266699,20.5,993.0,41.9,0.0,212.5,164.8,0.0,0.0,7.88,83.15789473684212,48.622432,18.336362,17.123456,48.123456,289.7,0.0,2.29,0.0,0.0,123.0
2025-05-07T09:42:54.691685,20.5,993.0,41.9,0.0,212.5,164.8,0.0,0.0,7.83,80.52631578947373,48.622432,18.336362,17.123456,48.123456,286.0,0.0,2.3,0.0,0.0,129.0
2025-05-07T09:42:56.857945,20.5,993.0,41.9,0.0,212.5,164.7,0.0,0.0,7.85,81.57894736842107,48.622432,18.336362,17.123456,48.123456,284.0,0.0,2.29,0.0,0.0,125.0
2025-05-07T09:42:59.670421,20.5,993.0,41.9,0.0,212.5,164.8,0.0,0.0,7.83,80.52631578947373,48.622432,18.336362,17.123456,48.123456,284.0,0.0,2.29,0.0,0.0,138.0
2025-05-07T09:43:01.881893,20.6,993.0,41.9,0.0,212.5,164.7,0.0,0.0,7.83,80.52631578947373,48.622432,18.336362,17.123456,48.123456,284.0,0.0,2.34,0.0,0.0,127.0
2025-05-07T09:43:04.625931,20.6,993.0,41.9,0.0,212.5,164.7,0.0,0.0,7.81,79.47368421052633,48.622432,18.336362,17.123456,48.123456,284.0,0.0,2.4,0.0,0.0,142.0
2025-05-07T09:43:15.752429,20.7,993.0,41.9,0.0,212.5,164.6,0.0,0.0,7.81,79.47368421052633,48.622432,18.336362,17.123456,48.123456,283.7,0.0,2.38,0.0,0.0,142.0
2025-05-07T09:43:17.885749,20.8,993.0,41.9,0.0,212.5,164.6,0.0,0.0,7.81,79.47368421052633,48.622432,18.336362,17.123456,48.123456,282.0,0.0,2.35,0.0,0.0,151.0
2025-05-07T09:43:20.585873,20.8,993.0,41.9,0.0,212.5,164.7,0.0,0.0,7.85,81.57894736842107,48.622432,18.336362,17.123456,48.123456,283.7,0.0,2.33,0.0,0.0,152.0
2025-05-07T09:43:22.729526,20.8,993.0,41.9,0.0,212.5,164.7,0.0,0.0,7.85,81.57894736842107,48.622432,18.336362,17.123456,48.123456,281.7,0.0,2.33,0.0,0.0,155.0
2025-05-07T09:43:24.858111,20.8,993.0,41.9,0.0,212.5,164.7,0.0,0.0,7.86,82.10526315789478,48.622432,18.336362,17.123456,48.123456,282.0,0.0,2.28,0.0,0.0,145.0
2025-05-07T09:43:27.352387,20.9,993.0,41.9,0.0,212.5,164.6,0.0,0.0,7.86,82.10526315789478,48.622432,18.336362,17.123456,48.123456,281.7,0.0,2.24,0.0,0.0,148.0
2025-05-07T09:43:29.714986,20.9,993.0,41.9,0.0,212.5,164.7,0.0,0.0,7.86,82.10526315789478,48.622432,18.336362,17.123456,48.123456,281.7,0.0,2.23,0.0,0.0,144.0
2025-05-07T09:43:31.853301,20.9,993.0,41.9,0.0,212.5,164.6,0.0,0.0,7.84,81.0526315789474,48.622432,18.336362,17.123456,48.123456,280.0,0.0,2.23,0.0,0.0,138.0
2025-05-07T09:43:34.330605,21.0,993.0,41.9,0.0,212.5,164.6,0.0,0.0,7.86,82.10526315789478,48.622432,18.336362,17.123456,48.123456,280.0,0.0,2.31,0.0,0.0,148.0
2025-05-07T09:43:36.622774,21.0,993.0,41.9,0.0,212.5,164.6,0.0,0.0,7.84,81.0526315789474,48.622432,18.336362,17.123456,48.123456,279.7,0.0,2.37,0.0,0.0,158.0
2025-05-07T09:43:38.743030,21.0,993.0,41.9,0.0,212.5,164.5,0.0,0.0,7.84,81.0526315789474,48.622432,18.336362,17.123456,48.123456,279.7,0.0,2.33,0.0,0.0,161.0
2025-05-07T09:43:40.901613,21.0,993.0,41.9,0.0,212.5,164.5,0.0,0.0,7.85,81.57894736842107,48.622432,18.336362,17.123456,48.123456,279.7,0.0,2.31,0.0,0.0,149.0
2025-05-07T09:43:43.651689,21.1,993.0,41.9,0.0,212.5,164.5,0.0,0.0,7.76,76.84210526315792,48.622432,18.336362,17.123456,48.123456,279.7,0.01,2.37,0.0,0.0,155.0
2025-05-07T09:43:45.786205,21.1,993.0,41.9,0.0,212.5,164.5,0.0,0.0,7.82,80.00000000000004,48.622432,18.336362,17.123456,48.123456,277.7,0.0,2.33,0.0,0.0,164.0
2025-05-07T09:43:47.988190,21.1,993.0,41.9,0.0,212.5,164.5,0.0,0.0,7.86,82.10526315789478,48.622432,18.336362,17.123456,48.123456,277.7,0.0,2.34,0.0,0.0,157.0
2025-05-07T09:43:50.283571,21.2,993.0,41.9,0.0,212.5,164.4,0.0,0.0,7.84,81.0526315789474,48.622432,18.336362,17.123456,48.123456,277.7,0.0,2.23,0.0,0.0,158.0
2025-05-07T09:43:52.563389,21.2,993.0,41.9,0.0,212.5,164.1,0.0,1.7,7.82,80.00000000000004,48.622432,18.336362,17.123456,48.123456,275.7,0.0,2.14,0.0,0.0,127.0
2025-05-07T09:43:54.578327,21.2,993.0,42.0,0.0,212.6,164.5,0.0,4.1,7.84,81.0526315789474,48.622488,18.336372,17.123456,48.123456,276.0,0.0,2.1,0.0,0.0,103.0
2025-05-07T09:43:56.443453,21.3,993.0,42.1,0.0,212.7,165.2,0.0,4.1,7.84,81.0526315789474,48.62248,18.33636,17.123456,48.123456,276.0,0.0,2.07,0.0,0.0,97.0
2025-05-07T09:43:58.367345,21.3,993.0,42.1,0.0,212.7,165.8,0.0,21.7,7.81,79.47368421052633,48.622484,18.33616,17.123456,48.123456,277.7,0.0,2.08,0.0,0.0,86.0
2025-05-07T09:44:00.420486,21.3,993.0,42.1,0.0,212.7,166.7,0.0,30.0,7.82,80.00000000000004,48.6225,18.335926,17.123456,48.123456,276.0,0.0,2.05,0.0,0.0,77.0
2025-05-07T09:44:02.202274,21.3,993.0,42.2,0.0,212.8,167.9,0.0,30.0,7.82,80.00000000000004,48.622512,18.335806,17.123456,48.123456,275.7,0.0,2.03,0.0,0.0,71.0
2025-05-07T09:44:03.979465,21.4,993.0,42.3,0.0,212.9,169.2,0.0,30.0,7.84,81.0526315789474,48.622508,18.335542,17.123456,48.123456,276.0,0.0,2.02,0.0,0.0,55.0
2025-05-07T09:44:06.105096,21.4,992.0,42.3,0.0,212.9,170.8,0.0,36.7,7.79,78.42105263157897,48.622496,18.33541,17.123456,48.123456,276.0,0.0,2.01,0.0,0.0,50.0
2025-05-07T09:44:07.956988,21.4,992.0,42.3,0.0,212.9,172.4,0.0,36.9,7.85,81.57894736842107,48.62248,18.335124,17.123456,48.123456,276.0,0.0,2.01,0.0,0.0,36.0
2025-05-07T09:44:10.474715,21.5,992.0,42.3,0.0,212.9,176.0,0.0,36.9,7.84,81.0526315789474,48.62248,18.335124,17.123456,48.123456,276.0,0.0,2.01,0.0,0.0,26.0
2025-05-07T09:44:12.370522,21.5,992.0,42.3,0.0,212.9,177.7,0.0,36.2,7.82,80.00000000000004,48.622324,18.33438,17.123456,48.123456,276.0,0.0,2.01,0.0,0.0,31.0
2025-05-07T09:44:14.365212,21.5,991.0,39.8,0.0,210.4,179.2,0.0,37.0,7.81,79.47368421052633,48.622212,18.334148,17.123456,48.123456,276.0,0.0,2.01,0.0,0.0,27.0
2025-05-07T09:44:16.337825,21.5,991.0,39.6,0.0,210.2,181.0,0.0,35.2,7.81,79.47368421052633,48.622104,18.333922,17.123456,48.123456,276.0,0.0,2.03,0.0,0.0,20.0
2025-05-07T09:44:18.333322,21.5,991.0,39.5,0.0,210.1,182.8,0.0,38.2,7.86,82.10526315789478,48.621996,18.333666,17.123456,48.123456,276.0,0.0,2.01,0.0,0.0,15.0
2025-05-07T09:44:20.217300,21.6,991.0,40.1,0.0,210.7,184.9,0.0,38.2,7.84,81.0526315789474,48.62194,18.333534,17.123456,48.123456,277.7,0.0,2.0,0.0,0.0,10.0
2025-05-07T09:44:22.324489,21.6,990.0,40.7,0.0,211.3,187.0,0.0,40.2,7.84,81.0526315789474,48.621768,18.33315,17.123456,48.123456,276.0,0.0,2.01,0.0,0.0,14.0
2025-05-07T09:44:24.326839,21.6,990.0,41.8,0.0,212.4,189.2,0.0,39.0,7.83,80.52631578947373,48.621664,18.332898,17.123456,48.123456,276.0,0.0,2.01,0.0,0.0,9.0
2025-05-07T09:44:26.323888,21.6,990.0,43.0,0.0,213.6,191.3,0.0,37.7,7.85,81.57894736842107,48.62156,18.332654,17.123456,48.123456,276.0,0.0,2.01,0.0,0.0,12.0
2025-05-07T09:44:28.432191,21.6,990.0,44.7,0.0,215.3,193.6,0.0,36.3,7.81,79.47368421052633,48.621452,18.332416,17.123456,48.123456,276.0,0.0,2.0,0.0,0.0,0.0
2025-05-07T09:44:30.334703,21.6,989.0,46.6,0.0,217.2,196.1,0.0,36.3,7.85,81.57894736842107,48.621408,18.332306,17.123456,48.123456,276.0,0.0,2.0,0.0,0.0,0.0
2025-05-07T09:44:32.391186,21.6,989.0,48.1,0.0,218.7,199.4,0.0,21.8,7.86,82.10526315789478,48.621292,18.33207,17.123456,48.123456,274.0,0.0,2.0,0.0,0.0,0.0
2025-05-07T09:44:34.445835,21.6,989.0,49.4,0.0,220.0,202.8,0.0,9.6,7.86,82.10526315789478,48.621268,18.332052,17.123456,48.123456,271.7,0.0,1.99,0.0,0.0,0.0
2025-05-07T09:44:36.367519,21.6,988.0,51.4,0.0,222.0,206.8,0.0,9.6,7.86,82.10526315789478,48.62128,18.33207,17.123456,48.123456,268.0,0.0,1.99,0.0,0.0,0.0
2025-05-07T09:44:38.369659,21.6,988.0,52.9,0.0,223.5,210.9,0.0,0.2,7.84,81.0526315789474,48.621268,18.332074,17.123456,48.123456,268.0,0.0,1.99,0.0,0.0,0.0
2025-05-07T09:44:40.419835,21.6,987.0,54.3,0.0,224.9,215.2,0.0,0.2,7.83,80.52631578947373,48.621272,18.332078,17.123456,48.123456,268.0,0.0,1.99,0.0,0.0,0.0
2025-05-07T09:44:42.358574,21.6,987.0,54.7,0.0,225.3,219.6,0.0,0.0,7.84,81.0526315789474,48.62128,18.332068,17.123456,48.123456,267.7,0.0,1.98,0.0,0.0,0.0
2025-05-07T09:44:44.417177,21.6,986.0,55.2,0.0,225.8,224.2,0.0,0.0,7.85,81.57894736842107,48.62128,18.332062,17.123456,48.123456,267.7,0.0,1.99,0.0,0.0,0.0
2025-05-07T09:44:46.336008,21.5,986.0,55.2,0.0,225.8,228.7,0.0,0.0,7.85,81.57894736842107,48.62128,18.332062,17.123456,48.123456,268.0,0.0,1.98,0.0,0.0,0.0
2025-05-07T09:44:48.401916,21.5,985.0,55.2,0.0,225.8,233.4,0.0,0.0,7.85,81.57894736842107,48.62128,18.332062,17.123456,48.123456,268.0,0.0,1.98,0.0,0.0,0.0
2025-05-07T09:44:50.262082,21.4,984.0,55.2,0.0,225.8,238.1,0.0,0.0,7.86,82.10526315789478,48.62128,18.332062,17.123456,48.123456,268.0,0.0,1.98,0.0,0.0,0.0
2025-05-07T09:44:52.537607,21.4,984.0,55.2,0.0,225.8,242.8,0.0,1.4,7.86,82.10526315789478,48.62128,18.332062,17.123456,48.123456,267.7,0.0,1.98,0.0,0.0,0.0
2025-05-07T09:44:54.451192,21.3,983.0,57.1,0.0,227.7,247.5,0.0,1.6,7.81,79.47368421052633,48.621268,18.332106,17.123456,48.123456,267.7,0.0,1.98,0.0,0.0,0.0
2025-05-07T09:44:56.445170,21.2,983.0,58.5,0.0,229.1,252.3,0.0,2.2,7.81,79.47368421052633,48.621252,18.33211,17.123456,48.123456,267.7,0.0,1.98,0.0,0.0,0.0
2025-05-07T09:44:58.376580,21.1,982.0,59.9,0.0,230.5,257.2,0.0,0.0,7.83,80.52631578947373,48.621244,18.332108,17.123456,48.123456,267.7,0.0,1.98,0.0,0.0,0.0
2025-05-07T09:45:00.436245,21.0,982.0,60.3,0.0,230.9,262.2,0.0,0.0,7.82,80.00000000000004,48.621248,18.332102,17.123456,48.123456,267.7,0.0,1.98,0.0,0.0,0.0
2025-05-07T09:45:02.424541,20.9,981.0,60.7,0.0,231.3,267.0,0.0,2.7,7.85,81.57894736842107,48.621248,18.332102,17.123456,48.123456,268.0,0.0,1.97,0.0,0.0,0.0
2025-05-07T09:45:04.357066,20.8,981.0,61.6,0.0,232.2,271.8,0.0,2.7,7.82,80.00000000000004,48.621232,18.332068,17.123456,48.123456,268.0,0.0,1.97,0.0,0.0,0.0
2025-05-07T09:45:06.414847,20.6,980.0,62.1,0.0,232.7,276.6,0.0,0.0,7.85,81.57894736842107,48.621244,18.332066,17.123456,48.123456,268.0,0.0,1.97,0.0,0.0,0.0
2025-05-07T09:45:08.400843,20.5,979.0,63.4,0.0,234.0,281.3,0.0,1.6,7.85,81.57894736842107,48.621252,18.332058,17.123456,48.123456,269.7,0.0,1.97,0.0,0.0,0.0
2025-05-07T09:45:10.309309,20.4,979.0,64.0,2.1,234.6,286.1,1.1,1.6,7.86,82.10526315789478,48.621252,18.332058,17.123456,48.123456,269.7,0.0,1.97,0.0,0.0,0.0
2025-05-07T09:45:12.381862,20.3,978.0,64.0,7.0,234.6,291.0,2.3,0.0,7.82,80.00000000000004,48.621252,18.332058,17.123456,48.123456,268.0,0.0,1.97,0.0,0.0,0.0
2025-05-07T09:45:14.523040,20.1,978.0,64.0,11.8,234.6,295.8,2.3,0.0,7.84,81.0526315789474,48.621252,18.332058,17.123456,48.123456,269.7,0.0,1.97,0.0,0.0,0.0
2025-05-07T09:45:16.431573,20.0,977.0,64.0,16.7,234.6,300.7,2.4,0.0,7.86,82.10526315789478,48.621252,18.332058,17.123456,48.123456,271.7,0.0,1.97,0.0,0.0,0.0
2025-05-07T09:45:18.423373,19.9,977.0,68.9,21.7,239.5,305.7,2.4,0.0,7.8,78.94736842105266,48.62126,18.331986,17.123456,48.123456,271.7,0.0,1.97,0.0,0.0,0.0
2025-05-07T09:45:20.409891,19.7,976.0,70.5,26.6,241.1,310.6,2.4,1.7,7.83,80.52631578947373,48.621248,18.331984,17.123456,48.123456,272.0,0.0,1.97,0.0,0.0,0.0
2025-05-07T09:45:22.324938,19.6,975.0,72.6,31.6,243.2,315.6,2.5,1.7,7.81,79.47368421052633,48.621244,18.331982,17.123456,48.123456,274.0,0.0,1.97,0.0,0.0,0.0
2025-05-07T09:45:24.386355,19.5,975.0,74.1,36.4,244.7,320.4,2.3,0.0,7.84,81.0526315789474,48.621236,18.331984,17.123456,48.123456,274.0,0.0,1.97,0.0,0.0,0.0
2025-05-07T09:45:26.309181,19.3,974.0,74.1,41.1,244.7,325.1,2.4,0.0,7.78,77.8947368421053,48.621236,18.331984,17.123456,48.123456,274.0,0.0,1.97,0.0,0.0,0.0
2025-05-07T09:45:28.373753,19.2,974.0,74.1,46.0,244.7,330.0,2.3,0.0,7.81,79.47368421052633,48.621236,18.331984,17.123456,48.123456,275.7,0.0,1.97,0.0,0.0,0.0
2025-05-07T09:45:30.431503,19.1,973.0,74.1,50.8,244.7,334.8,2.3,0.0,7.81,79.47368421052633,48.621236,18.331984,17.123456,48.123456,275.7,0.0,1.97,0.0,0.0,0.0
2025-05-07T09:45:32.347942,19.0,973.0,74.1,55.7,244.7,339.7,2.5,0.0,7.83,80.52631578947373,48.621236,18.331984,17.123456,48.123456,276.0,0.0,1.97,0.0,0.0,0.0
2025-05-07T09:45:34.485188,18.8,972.0,74.1,60.6,244.7,344.6,2.3,1.5,7.81,79.47368421052633,48.621236,18.331984,17.123456,48.123456,276.0,0.0,1.97,0.0,0.0,0.0
2025-05-07T09:45:36.365328,18.7,971.0,76.4,65.4,247.0,349.4,2.4,1.5,7.84,81.0526315789474,48.621192,18.33193,17.123456,48.123456,275.7,0.0,1.97,0.0,0.0,0.0
2025-05-07T09:45:38.343155,18.6,971.0,76.4,70.3,247.0,354.3,2.4,2.0,7.85,81.57894736842107,48.621172,18.331908,17.123456,48.123456,275.7,0.0,1.97,0.0,0.0,0.0
2025-05-07T09:45:40.411184,18.5,970.0,76.8,75.2,247.4,359.2,2.4,1.7,7.82,80.00000000000004,48.621152,18.331902,17.123456,48.123456,276.0,0.0,1.97,0.0,0.0,0.0
2025-05-07T09:45:42.261307,18.4,970.0,77.3,80.0,247.9,364.0,2.5,1.7,7.85,81.57894736842107,48.62114,18.331902,17.123456,48.123456,277.7,0.0,1.97,0.0,0.0,0.0
2025-05-07T09:45:44.037947,18.3,969.0,77.8,84.9,248.4,368.9,2.7,1.7,7.81,79.47368421052633,48.621128,18.33189,17.123456,48.123456,277.7,0.0,1.97,0.0,0.0,0.0
2025-05-07T09:45:45.824019,18.2,969.0,77.8,89.7,248.4,373.7,2.6,1.9,7.8,78.94736842105266,48.621124,18.331882,17.123456,48.123456,278.5,0.0,1.96,0.0,0.0,0.0
2025-05-07T09:45:49.366857,18.1,968.0,79.1,98.9,249.7,382.9,2.6,1.8,7.82,80.00000000000004,48.621084,18.331858,17.123456,48.123456,277.7,0.0,1.96,0.0,0.0,0.0
2025-05-07T09:45:51.352000,18.0,967.0,79.7,103.2,250.3,387.2,2.1,2.7,7.83,80.52631578947373,48.621068,18.33185,17.123456,48.123456,279.7,0.0,1.96,0.0,0.0,0.0
2025-05-07T09:45:53.345063,17.9,967.0,80.5,107.7,251.1,391.7,2.2,2.2,7.86,82.10526315789478,48.621048,18.331854,17.123456,48.123456,279.7,0.0,1.96,0.0,0.0,0.0
2025-05-07T09:45:55.338113,17.8,966.0,81.8,112.4,252.4,396.4,2.3,1.6,7.85,81.57894736842107,48.621024,18.331858,17.123456,48.123456,281.7,0.0,1.96,0.0,0.0,0.0
2025-05-07T09:45:57.327273,17.8,965.0,82.6,117.1,253.2,401.1,2.3,0.0,7.82,80.00000000000004,48.621016,18.331854,17.123456,48.123456,281.7,0.0,1.96,0.0,0.0,0.0
2025-05-07T09:45:59.321731,17.7,965.0,83.1,121.8,253.7,405.8,2.3,0.0,7.84,81.0526315789474,48.62102,18.331856,17.123456,48.123456,281.7,0.0,1.96,0.0,0.0,0.0
2025-05-07T09:46:01.167670,17.6,964.0,83.1,126.6,253.7,410.6,2.5,0.0,7.84,81.0526315789474,48.62102,18.331856,17.123456,48.123456,289.4,5.18,1.96,0.0,0.0,0.0
2025-05-07T09:46:03.374981,17.5,964.0,83.1,131.3,253.7,415.3,2.1,0.0,7.82,80.00000000000004,48.62102,18.331856,17.123456,48.123456,281.7,2.86,1.96,0.0,0.0,0.0
2025-05-07T09:46:05.358189,17.5,963.0,83.1,136.0,253.7,420.0,2.3,1.9,7.82,80.00000000000004,48.62102,18.331856,17.123456,48.123456,282.0,3.28,1.96,0.0,0.0,0.0
2025-05-07T09:46:07.430462,17.4,963.0,83.1,140.8,253.7,424.8,2.4,0.0,7.81,79.47368421052633,48.62102,18.331856,17.123456,48.123456,278.2,2.14,1.96,0.0,0.0,0.0
2025-05-07T09:46:09.425163,17.3,962.0,83.1,145.5,253.7,429.5,2.2,0.0,7.85,81.57894736842107,48.62102,18.331856,17.123456,48.123456,279.7,2.05,1.96,0.0,0.0,0.0
2025-05-07T09:46:11.198879,17.3,962.0,83.1,150.4,253.7,434.4,2.7,0.0,7.85,81.57894736842107,48.62102,18.331856,17.123456,48.123456,281.7,1.96,1.96,0.0,0.0,0.0
2025-05-07T09:46:13.398292,17.2,961.0,83.1,155.3,253.7,439.3,2.2,1.3,7.81,79.47368421052633,48.620936,18.331804,17.123456,48.123456,281.7,1.9,1.96,0.0,0.0,0.0
2025-05-07T09:46:15.385446,17.1,961.0,90.0,160.0,260.6,444.0,2.3,0.0,7.81,79.47368421052633,48.620912,18.331816,17.123456,48.123456,281.7,3.71,1.96,0.0,0.0,0.0
2025-05-07T09:46:17.384097,17.0,960.0,91.3,164.9,261.9,448.9,2.4,1.8,7.81,79.47368421052633,48.620896,18.331802,17.123456,48.123456,281.7,1.86,1.96,0.0,0.0,0.0
2025-05-07T09:46:19.380511,17.0,959.0,92.7,169.9,263.3,453.9,2.4,1.4,7.79,78.42105263157897,48.620884,18.331796,17.123456,48.123456,280.0,1.88,1.96,0.0,0.0,0.0
2025-05-07T09:46:21.363672,16.9,959.0,94.0,174.7,264.6,458.7,2.4,0.0,7.85,81.57894736842107,48.620876,18.331794,17.123456,48.123456,280.0,2.06,1.96,0.0,0.0,0.0
2025-05-07T09:46:23.347491,16.8,958.0,94.9,179.7,265.5,463.7,2.4,0.0,7.8,78.94736842105266,48.620876,18.3318,17.123456,48.123456,281.7,1.87,1.96,0.0,0.0,0.0
2025-05-07T09:46:25.343640,16.8,958.0,94.9,184.5,265.5,468.5,2.4,1.5,7.82,80.00000000000004,48.620876,18.3318,17.123456,48.123456,281.7,0.0,1.96,0.0,0.0,0.0
2025-05-07T09:46:27.337051,16.7,957.0,94.9,189.4,265.5,473.4,2.4,1.7,7.82,80.00000000000004,48.620876,18.3318,17.123456,48.123456,280.0,0.0,1.96,0.0,0.0,0.0
2025-05-07T09:46:29.325882,16.7,957.0,94.9,194.3,265.5,478.3,2.4,0.0,7.84,81.0526315789474,48.620876,18.3318,17.123456,48.123456,279.7,0.0,1.96,0.0,0.0,0.0
2025-05-07T09:46:31.104746,16.6,956.0,94.9,199.1,265.5,483.1,2.6,0.0,7.85,81.57894736842107,48.620876,18.3318,17.123456,48.123456,277.7,0.0,1.96,0.0,0.0,0.0
2025-05-07T09:46:33.164935,16.5,955.0,94.9,204.0,265.5,488.0,2.3,0.0,7.82,80.00000000000004,48.620876,18.3318,17.123456,48.123456,277.7,0.0,1.96,0.0,0.0,0.0
2025-05-07T09:46:35.371597,16.5,955.0,94.9,208.7,265.5,492.7,2.1,2.0,7.83,80.52631578947373,48.620876,18.3318,17.123456,48.123456,278.0,0.0,1.96,0.0,0.0,0.0
2025-05-07T09:46:37.431846,16.4,954.0,105.2,213.5,275.8,497.5,2.3,1.7,7.84,81.0526315789474,48.62078,18.33171,17.123456,48.123456,277.7,0.0,1.96,0.0,0.0,0.0
2025-05-07T09:46:39.351660,16.4,954.0,106.6,218.6,277.2,502.6,2.6,2.2,7.82,80.00000000000004,48.620768,18.331698,17.123456,48.123456,279.7,0.0,1.96,0.0,0.0,0.0
2025-05-07T09:46:41.345398,16.3,953.0,108.7,223.4,279.3,507.4,2.4,2.9,7.85,81.57894736842107,48.620732,18.331684,17.123456,48.123456,277.7,0.0,1.96,0.0,0.0,0.0
2025-05-07T09:46:43.404494,16.3,953.0,110.3,228.3,280.9,512.3,2.3,0.0,7.84,81.0526315789474,48.620728,18.331674,17.123456,48.123456,276.0,0.0,1.96,0.0,0.0,0.0
2025-05-07T09:46:45.325819,16.2,952.0,112.6,233.0,283.2,517.0,2.4,0.0,7.82,80.00000000000004,48.620724,18.33167,17.123456,48.123456,275.7,0.0,1.96,0.0,0.0,0.0
2025-05-07T09:46:47.459287,16.2,952.0,112.6,237.8,283.2,521.8,2.3,0.0,7.82,80.00000000000004,48.620724,18.33167,17.123456,48.123456,275.7,0.0,1.96,0.0,0.0,0.0
2025-05-07T09:46:49.375364,16.2,951.0,112.6,242.7,283.2,526.7,2.4,0.0,7.81,79.47368421052633,48.620724,18.33167,17.123456,48.123456,276.0,0.0,1.96,0.0,0.0,0.0
2025-05-07T09:46:51.370075,16.1,951.0,112.6,247.6,283.2,531.6,2.4,0.0,7.84,81.0526315789474,48.620724,18.33167,17.123456,48.123456,276.0,0.0,1.96,0.0,0.0,0.0
2025-05-07T09:46:53.358853,16.1,950.0,112.6,252.4,283.2,536.4,2.4,1.6,7.84,81.0526315789474,48.62068,18.331666,17.123456,48.123456,275.7,0.0,1.96,0.0,0.0,0.0
2025-05-07T09:46:55.344081,16.0,949.0,120.3,257.3,290.9,541.3,2.4,2.4,7.79,78.42105263157897,48.620672,18.331628,17.123456,48.123456,275.7,0.0,1.96,0.0,0.0,0.0
2025-05-07T09:46:57.340597,16.0,949.0,122.0,262.2,292.6,546.2,2.4,2.0,7.81,79.47368421052633,48.620664,18.331614,17.123456,48.123456,275.7,0.0,1.96,0.0,0.0,0.0
2025-05-07T09:46:59.334767,15.9,948.0,123.5,267.1,294.1,551.1,2.4,0.0,7.81,79.47368421052633,48.620656,18.331622,17.123456,48.123456,275.7,0.0,1.96,0.0,0.0,0.0
2025-05-07T09:47:01.462760,15.9,948.0,124.9,272.0,295.5,556.0,2.3,0.0,7.81,79.47368421052633,48.620656,18.331618,17.123456,48.123456,273.7,0.0,1.96,0.0,0.0,0.0
2025-05-07T09:47:03.316306,15.9,947.0,124.9,276.9,295.5,560.9,2.5,0.0,7.85,81.57894736842107,48.620656,18.331618,17.123456,48.123456,273.7,0.0,1.96,0.0,0.0,0.0
2025-05-07T09:47:05.301136,15.8,947.0,124.9,281.8,295.5,565.8,2.4,0.0,7.84,81.0526315789474,48.620656,18.331618,17.123456,48.123456,274.0,0.0,1.96,0.0,0.0,0.0
2025-05-07T09:47:07.577028,15.8,946.0,124.9,286.6,295.5,570.6,2.7,0.0,7.81,79.47368421052633,48.620656,18.331618,17.123456,48.123456,275.7,0.0,1.96,0.0,0.0,0.0
2025-05-07T09:47:09.851629,15.7,946.0,124.9,291.5,295.5,575.5,2.1,0.2,7.78,77.8947368421053,48.62062,18.331656,17.123456,48.123456,275.7,0.0,1.96,0.0,0.0,0.0
2025-05-07T09:47:12.275485,15.7,945.0,131.2,296.4,301.8,580.4,2.0,0.2,7.81,79.47368421052633,48.62062,18.331658,17.123456,48.123456,275.7,0.0,1.96,0.0,0.0,0.0
2025-05-07T09:47:14.911331,15.6,944.0,131.2,301.6,301.8,585.6,1.9,0.0,7.74,75.78947368421058,48.62062,18.331658,17.123456,48.123456,274.0,0.0,1.96,0.0,0.0,0.0
2025-05-07T09:47:17.894151,15.6,944.0,131.2,306.8,301.8,590.8,1.7,0.0,7.8,78.94736842105266,48.62062,18.331658,17.123456,48.123456,272.0,0.0,1.96,0.0,0.0,0.0
2025-05-07T09:47:20.312384,15.5,943.0,131.2,312.4,301.8,596.4,2.3,0.0,7.83,80.52631578947373,48.62062,18.331658,17.123456,48.123456,270.0,0.0,1.96,0.0,0.0,0.0
2025-05-07T09:47:22.933874,15.5,942.0,131.2,318.4,301.8,602.4,2.2,0.0,7.73,75.26315789473689,48.62062,18.331658,17.123456,48.123456,269.7,0.0,1.96,0.0,0.0,0.0
2025-05-07T09:47:25.641670,15.4,942.0,139.9,324.3,310.5,608.3,2.2,0.0,7.8,78.94736842105266,48.62056,18.331598,17.123456,48.123456,267.7,0.0,1.96,0.0,0.0,0.0
2025-05-07T09:47:27.924543,15.3,941.0,140.8,330.3,311.4,614.3,2.6,1.4,7.84,81.0526315789474,48.620544,18.331586,17.123456,48.123456,267.7,0.0,1.96,0.0,0.0,0.0
2025-05-07T09:47:30.332399,15.3,940.0,143.6,336.4,314.2,620.4,2.5,1.4,7.82,80.00000000000004,48.620524,18.331542,17.123456,48.123456,267.7,0.0,1.96,0.0,0.0,0.0
2025-05-07T09:47:32.891286,15.2,940.0,143.6,342.5,314.2,626.5,2.3,0.0,7.8,78.94736842105266,48.620496,18.331506,17.123456,48.123456,267.7,0.0,1.96,0.0,0.0,0.0
2025-05-07T09:47:35.949140,15.1,939.0,150.4,348.5,321.0,632.5,1.9,2.0,7.82,80.00000000000004,48.620496,18.3315,17.123456,48.123456,265.7,0.0,1.96,0.0,0.0,0.0
2025-05-07T09:47:38.721028,15.0,938.0,150.4,354.6,321.0,638.6,2.2,2.0,7.81,79.47368421052633,48.620496,18.3315,17.123456,48.123456,265.7,0.0,1.96,0.0,0.0,0.0
2025-05-07T09:47:40.996403,15.0,938.0,150.4,360.9,321.0,644.9,2.7,0.0,7.71,74.21052631578951,48.620496,18.3315,17.123456,48.123456,265.7,0.0,1.96,0.0,0.0,0.0
2025-05-07T09:47:43.844985,14.9,937.0,150.4,367.4,321.0,651.4,2.2,0.0,7.8,78.94736842105266,48.620496,18.3315,17.123456,48.123456,263.7,0.0,1.96,0.0,0.0,0.0
2025-05-07T09:47:46.118617,14.8,936.0,150.4,373.7,321.0,657.7,2.7,0.0,7.84,81.0526315789474,48.620496,18.3315,17.123456,48.123456,263.7,0.0,1.95,0.0,0.0,0.0
2025-05-07T09:47:48.894500,14.7,935.0,150.4,380.2,321.0,664.2,2.3,0.0,7.81,79.47368421052633,48.620496,18.3315,17.123456,48.123456,261.7,0.0,1.96,0.0,0.0,0.0
2025-05-07T09:47:51.454375,14.6,935.0,150.4,386.3,321.0,670.3,2.4,0.0,7.81,79.47368421052633,48.620496,18.3315,17.123456,48.123456,261.7,0.0,1.93,0.0,0.0,0.0
2025-05-07T09:47:53.944530,14.5,934.0,150.4,392.6,321.0,676.6,2.5,0.0,7.82,80.00000000000004,48.620496,18.3315,17.123456,48.123456,259.7,0.0,1.94,0.0,0.0,0.0
2025-05-07T09:47:56.439372,14.4,933.0,150.4,398.9,321.0,682.9,2.5,0.0,7.82,80.00000000000004,48.620496,18.3315,17.123456,48.123456,259.7,0.0,1.94,0.0,0.0,0.0
2025-05-07T09:47:58.995975,14.3,933.0,150.4,405.1,321.0,689.1,2.4,0.0,7.77,77.36842105263159,48.620496,18.3315,17.123456,48.123456,259.7,0.0,1.94,0.0,0.0,0.0
2025-05-07T09:48:01.844103,14.2,932.0,150.4,411.2,321.0,695.2,2.1,1.4,7.8,78.94736842105266,48.620488,18.331502,17.123456,48.123456,257.7,0.0,1.94,0.0,0.0,0.0
2025-05-07T09:48:04.830735,14.1,931.0,233.5,417.3,404.1,701.3,2.0,0.0,7.81,79.47368421052633,48.6205,18.331476,17.123456,48.123456,257.7,0.0,1.94,0.0,0.0,0.0
2025-05-07T09:48:07.173754,14.0,931.0,233.5,423.5,404.1,707.5,2.6,0.0,7.75,76.31578947368423,48.6205,18.331476,17.123456,48.123456,257.7,0.0,1.94,0.0,0.0,0.0
2025-05-07T09:48:09.957508,13.8,930.0,233.5,430.0,404.1,714.0,2.3,0.0,7.82,80.00000000000004,48.6205,18.331476,17.123456,48.123456,257.7,0.0,1.94,0.0,0.0,0.0
2025-05-07T09:48:12.297348,13.6,929.0,288.8,436.2,459.4,720.2,2.6,0.0,7.84,81.0526315789474,48.620568,18.331552,17.123456,48.123456,257.7,0.0,1.95,0.0,0.0,0.0
2025-05-07T09:48:14.925302,13.5,928.0,288.8,442.7,459.4,726.7,2.4,0.0,7.8,78.94736842105266,48.620604,18.33159,17.123456,48.123456,261.7,0.0,1.94,0.0,0.0,0.0
2025-05-07T09:48:17.907158,13.3,928.0,339.4,448.9,510.0,732.9,2.1,1.4,7.81,79.47368421052633,48.62066,18.331632,17.123456,48.123456,261.7,0.0,1.94,0.0,0.0,0.0
2025-05-07T09:48:20.329329,13.2,927.0,347.9,455.2,518.5,739.2,2.5,1.4,7.81,79.47368421052633,48.620684,18.331644,17.123456,48.123456,261.7,0.0,1.94,0.0,0.0,0.0
2025-05-07T09:48:22.090059,13.0,926.0,347.9,461.9,518.5,745.9,2.9,1.4,7.81,79.47368421052633,48.620684,18.331644,17.123456,48.123456,261.7,0.0,1.93,0.0,0.0,0.0
2025-05-07T09:48:24.870846,12.8,926.0,364.2,468.3,534.8,752.3,2.8,0.0,7.82,80.00000000000004,48.62072,18.331678,17.123456,48.123456,261.7,0.0,1.92,0.0,0.0,0.0
2025-05-07T09:48:27.877001,12.7,925.0,403.3,474.1,573.9,758.1,1.9,0.0,7.77,77.36842105263159,48.620828,18.331754,17.123456,48.123456,263.7,0.0,1.91,0.0,0.0,0.0
2025-05-07T09:48:30.839852,12.5,924.0,408.7,480.3,579.3,764.3,2.0,0.0,7.78,77.8947368421053,48.62084,18.331764,17.123456,48.123456,263.7,0.0,1.93,0.0,0.0,0.0
2025-05-07T09:48:33.839744,12.4,924.0,408.7,486.7,579.3,770.7,2.1,0.0,7.78,77.8947368421053,48.62084,18.331764,17.123456,48.123456,261.7,0.0,1.92,0.0,0.0,0.0
2025-05-07T09:48:36.898591,12.2,923.0,408.7,493.3,579.3,777.3,2.1,0.0,7.76,76.84210526315792,48.62084,18.331764,17.123456,48.123456,259.7,0.0,1.9,0.0,0.0,0.0
2025-05-07T09:48:39.953196,12.1,922.0,454.2,500.2,624.8,784.2,2.2,0.0,7.81,79.47368421052633,48.620932,18.331832,17.123456,48.123456,261.7,0.0,1.91,0.0,0.0,0.0
2025-05-07T09:48:42.451168,11.9,921.0,458.9,507.1,629.5,791.1,2.7,0.0,7.81,79.47368421052633,48.620932,18.331832,17.123456,48.123456,261.7,0.0,1.93,0.0,0.0,0.0
2025-05-07T09:48:44.252149,11.7,920.0,458.9,514.1,629.5,798.1,3.0,0.0,7.83,80.52631578947373,48.620932,18.331832,17.123456,48.123456,261.7,0.0,1.87,0.0,0.0,0.0
2025-05-07T09:48:46.923982,11.6,920.0,478.1,521.0,648.7,805.0,3.1,1.7,7.82,80.00000000000004,48.620944,18.331862,17.123456,48.123456,257.7,0.0,1.86,0.0,0.0,0.0
2025-05-07T09:48:49.842887,11.5,919.0,490.5,527.2,661.1,811.2,2.1,0.0,7.77,77.36842105263159,48.620952,18.331856,17.123456,48.123456,255.7,0.0,1.87,0.0,0.0,0.0
2025-05-07T09:48:52.182939,11.3,918.0,490.5,533.2,661.1,817.2,2.6,0.0,7.78,77.8947368421053,48.620952,18.331856,17.123456,48.123456,237.7,0.0,1.87,0.0,0.0,0.0
2025-05-07T09:48:54.956689,11.1,918.0,490.5,539.7,661.1,823.7,2.2,0.0,7.82,80.00000000000004,48.620952,18.331856,17.123456,48.123456,291.7,0.0,1.86,0.0,0.0,0.0
2025-05-07T09:48:57.812599,11.0,917.0,490.5,546.0,661.1,830.0,2.2,0.0,7.81,79.47368421052633,48.620952,18.331856,17.123456,48.123456,301.6,0.0,1.87,0.0,0.0,0.0
2025-05-07T09:49:00.361408,10.8,916.0,490.5,552.4,661.1,836.4,2.4,0.0,7.77,77.36842105263159,48.620952,18.331856,17.123456,48.123456,295.7,0.0,1.87,0.0,0.0,0.0
2025-05-07T09:49:02.207579,10.6,916.0,490.5,558.8,661.1,842.8,2.7,0.0,7.8,78.94736842105266,48.620952,18.331856,17.123456,48.123456,291.7,0.0,1.87,0.0,0.0,0.0
2025-05-07T09:49:04.911323,10.5,915.0,490.5,565.3,661.1,849.3,2.9,0.0,7.78,77.8947368421053,48.620952,18.331856,17.123456,48.123456,289.7,0.0,1.87,0.0,0.0,0.0
2025-05-07T09:49:07.971499,10.3,914.0,490.5,571.2,661.1,855.2,1.9,0.0,7.77,77.36842105263159,48.620952,18.331856,17.123456,48.123456,279.7,0.0,1.88,0.0,0.0,0.0
2025-05-07T09:49:10.246658,10.2,913.0,490.5,577.2,661.1,861.2,2.6,0.0,7.8,78.94736842105266,48.620952,18.331856,17.123456,48.123456,279.7,0.0,1.89,0.0,0.0,0.0
2025-05-07T09:49:12.876465,10.0,913.0,490.5,583.5,661.1,867.5,2.3,2.5,7.79,78.42105263157897,48.620912,18.331832,17.123456,48.123456,279.7,0.0,1.89,0.0,0.0,0.0
2025-05-07T09:49:15.861202,9.8,912.0,535.2,589.8,705.8,873.8,2.1,0.0,7.82,80.00000000000004,48.620908,18.33185,17.123456,48.123456,283.7,0.0,1.89,0.0,0.0,0.0
2025-05-07T09:49:18.137306,9.7,911.0,535.2,596.0,705.8,880.0,2.7,0.0,7.83,80.52631578947373,48.620908,18.33185,17.123456,48.123456,285.4,0.0,1.89,0.0,0.0,0.0
2025-05-07T09:49:20.900719,9.5,911.0,535.2,602.4,705.8,886.4,2.3,0.0,7.78,77.8947368421053,48.620908,18.33185,17.123456,48.123456,291.7,0.0,1.89,0.0,0.0,0.0
2025-05-07T09:49:23.259146,9.4,910.0,535.2,608.6,705.8,892.6,2.6,0.0,7.8,78.94736842105266,48.620908,18.33185,17.123456,48.123456,283.4,0.0,1.88,0.0,0.0,0.0
2025-05-07T09:49:25.889534,9.2,909.0,535.2,615.0,705.8,899.0,2.4,0.0,7.78,77.8947368421053,48.620908,18.33185,17.123456,48.123456,273.7,0.0,1.85,0.0,0.0,0.0
2025-05-07T09:49:28.175542,9.1,909.0,535.2,621.3,705.8,905.3,2.7,0.0,7.76,76.84210526315792,48.620908,18.33185,17.123456,48.123456,219.7,0.0,1.86,0.0,0.0,0.0
2025-05-07T09:49:30.941879,8.9,908.0,535.2,627.4,705.8,911.4,2.1,0.0,7.82,80.00000000000004,48.620908,18.33185,17.123456,48.123456,241.7,0.0,1.86,0.0,0.0,0.0
2025-05-07T09:49:33.576046,8.8,907.0,535.2,633.5,705.8,917.5,2.3,0.0,7.8,78.94736842105266,48.620908,18.33185,17.123456,48.123456,241.7,0.0,1.85,0.0,0.0,0.0
2025-05-07T09:49:35.418558,8.6,907.0,535.2,639.6,705.8,923.6,2.5,0.0,7.8,78.94736842105266,48.620908,18.33185,17.123456,48.123456,245.7,0.0,1.86,0.0,0.0,0.0
2025-05-07T09:49:37.913591,8.5,906.0,535.2,645.7,705.8,929.7,3.0,0.0,7.79,78.42105263157897,48.620908,18.33185,17.123456,48.123456,249.5,0.0,1.86,0.0,0.0,0.0
2025-05-07T09:49:40.895121,8.3,905.0,535.2,651.5,705.8,935.5,1.9,0.0,7.75,76.31578947368423,48.620908,18.33185,17.123456,48.123456,249.7,0.0,1.87,0.0,0.0,0.0
2025-05-07T09:49:43.820657,8.2,905.0,535.2,657.2,705.8,941.2,1.9,0.0,7.78,77.8947368421053,48.620908,18.33185,17.123456,48.123456,249.7,0.0,1.87,0.0,0.0,0.0
2025-05-07T09:49:46.087882,8.1,904.0,535.2,663.3,705.8,947.3,2.6,0.0,7.81,79.47368421052633,48.620908,18.33185,17.123456,48.123456,247.7,0.0,1.87,0.0,0.0,0.0
2025-05-07T09:49:48.432145,7.9,903.0,535.2,669.6,705.8,953.6,2.6,0.0,7.82,80.00000000000004,48.620908,18.33185,17.123456,48.123456,249.7,0.0,1.87,0.0,0.0,0.0
2025-05-07T09:49:50.921080,7.8,903.0,535.2,675.8,705.8,959.8,2.4,0.0,7.8,78.94736842105266,48.620908,18.33185,17.123456,48.123456,249.5,0.0,1.87,0.0,0.0,0.0
2025-05-07T09:49:53.266984,7.6,902.0,535.2,681.9,705.8,965.9,2.6,0.0,7.79,78.42105263157897,48.620908,18.33185,17.123456,48.123456,247.7,0.0,1.87,0.0,0.0,0.0
2025-05-07T09:49:55.966635,7.5,901.0,535.2,688.0,705.8,972.0,2.2,0.0,7.8,78.94736842105266,48.620856,18.331794,17.123456,48.123456,249.7,0.0,1.87,0.0,0.0,0.0
2025-05-07T09:49:58.884502,7.4,901.0,589.9,694.0,760.5,978.0,2.0,0.0,7.76,76.84210526315792,48.620852,18.331792,17.123456,48.123456,249.5,0.0,1.87,0.0,0.0,0.0
2025-05-07T09:50:01.935656,7.2,900.0,589.9,700.0,760.5,984.0,2.0,0.0,7.79,78.42105263157897,48.620852,18.331792,17.123456,48.123456,247.7,0.0,1.87,0.0,0.0,0.0
2025-05-07T09:50:04.921297,7.1,899.0,589.9,706.4,760.5,990.4,2.0,0.0,7.77,77.36842105263159,48.620852,18.331792,17.123456,48.123456,249.5,0.01,1.87,0.0,0.0,0.0
2025-05-07T09:50:07.907511,7.0,899.0,589.9,713.0,760.5,997.0,2.2,0.0,7.8,78.94736842105266,48.620852,18.331792,17.123456,48.123456,249.5,0.0,1.87,0.0,0.0,0.0
2025-05-07T09:50:10.681476,6.8,898.0,589.9,719.8,760.5,1003.8,2.4,0.0,7.77,77.36842105263159,48.620852,18.331792,17.123456,48.123456,249.5,0.0,1.87,0.0,0.0,0.0
2025-05-07T09:50:13.033343,6.7,897.0,589.9,726.6,760.5,1010.6,2.9,0.0,7.8,78.94736842105266,48.620852,18.331792,17.123456,48.123456,249.7,0.0,1.88,0.0,0.0,0.0
2025-05-07T09:50:15.870344,6.6,896.0,589.9,733.5,760.5,1017.5,2.3,0.0,7.71,74.21052631578951,48.620852,18.331792,17.123456,48.123456,249.5,0.0,1.88,0.0,0.0,0.0
2025-05-07T09:50:18.855950,6.4,896.0,589.9,740.0,760.5,1024.0,2.1,0.0,7.79,78.42105263157897,48.620852,18.331792,17.123456,48.123456,249.5,0.0,1.88,0.0,0.0,0.0
2025-05-07T09:50:21.840865,6.3,895.0,589.9,746.6,760.5,1030.6,2.2,0.0,7.65,71.05263157894741,48.620852,18.331792,17.123456,48.123456,249.5,0.0,1.88,0.0,0.0,0.0
2025-05-07T09:50:24.114177,6.2,894.0,589.9,753.4,760.5,1037.4,2.9,0.0,7.74,75.78947368421058,48.620852,18.331792,17.123456,48.123456,247.7,0.0,1.9,0.0,0.0,0.0
2025-05-07T09:50:26.822705,6.1,893.0,589.9,760.2,760.5,1044.2,2.5,0.0,7.78,77.8947368421053,48.620852,18.331792,17.123456,48.123456,247.5,0.0,1.91,0.0,0.0,0.0
2025-05-07T09:50:29.371682,6.0,893.0,589.9,766.7,760.5,1050.7,2.5,0.0,7.77,77.36842105263159,48.620852,18.331792,17.123456,48.123456,260.9,0.0,1.91,0.0,0.0,0.0
2025-05-07T09:50:31.226575,5.9,892.0,589.9,773.3,760.5,1057.3,2.7,0.0,7.79,78.42105263157897,48.620852,18.331792,17.123456,48.123456,245.5,0.0,1.88,0.0,0.0,0.0
2025-05-07T09:50:33.490688,5.7,891.0,589.9,779.7,760.5,1063.7,3.6,0.0,7.77,77.36842105263159,48.620852,18.331792,17.123456,48.123456,245.5,9.19,1.87,0.0,0.0,0.0
2025-05-07T09:50:35.904473,5.7,891.0,589.9,785.6,760.5,1069.6,2.4,0.0,7.68,72.63157894736844,48.620852,18.331792,17.123456,48.123456,245.5,3.11,1.91,0.0,0.0,0.0
2025-05-07T09:50:38.535457,5.6,890.0,589.9,791.6,760.5,1075.6,2.2,0.0,7.8,78.94736842105266,48.620852,18.331792,17.123456,48.123456,243.7,4.76,1.91,0.0,0.0,0.0
2025-05-07T09:50:40.397218,5.5,889.0,589.9,797.5,760.5,1081.5,2.5,0.0,7.79,78.42105263157897,48.620852,18.331792,17.123456,48.123456,245.5,1.85,1.91,0.0,0.0,0.0
2025-05-07T09:50:42.873247,5.4,889.0,640.8,803.6,811.4,1087.6,3.0,0.0,7.78,77.8947368421053,48.620852,18.331728,17.123456,48.123456,245.5,2.6,1.91,0.0,0.0,0.0
2025-05-07T09:50:45.857183,5.3,888.0,644.1,809.3,814.7,1093.3,1.9,0.0,7.78,77.8947368421053,48.620848,18.331722,17.123456,48.123456,245.5,2.53,1.92,0.0,0.0,0.0
2025-05-07T09:50:48.131075,5.2,888.0,644.1,815.1,814.7,1099.1,2.5,0.0,7.75,76.31578947368423,48.620848,18.331722,17.123456,48.123456,245.5,1.7,1.92,0.0,0.0,0.0
2025-05-07T09:50:50.832722,5.2,887.0,644.1,821.2,814.7,1105.2,2.2,1.5,7.77,77.36842105263159,48.620848,18.331722,17.123456,48.123456,245.5,1.95,1.92,0.0,0.0,0.0
2025-05-07T09:50:53.898961,5.1,886.0,644.1,827.2,814.7,1111.2,2.0,0.0,7.79,78.42105263157897,48.620848,18.331722,17.123456,48.123456,245.5,2.0,1.93,0.0,0.0,0.0
2025-05-07T09:50:56.955836,5.0,886.0,644.1,833.5,814.7,1117.5,2.0,0.0,7.79,78.42105263157897,48.620848,18.331722,17.123456,48.123456,245.5,1.62,1.94,0.0,0.0,0.0
2025-05-07T09:50:59.871033,5.0,885.0,644.1,839.9,814.7,1123.9,2.2,0.0,7.76,76.84210526315792,48.620848,18.331722,17.123456,48.123456,245.5,0.0,1.94,0.0,0.0,0.0
2025-05-07T09:51:02.779939,4.9,884.0,644.1,846.7,814.7,1130.7,2.2,0.0,7.75,76.31578947368423,48.620848,18.331722,17.123456,48.123456,245.5,0.0,1.95,0.0,0.0,0.0
2025-05-07T09:51:05.197573,4.9,883.0,644.1,853.5,814.7,1137.5,2.8,0.0,7.77,77.36842105263159,48.620848,18.331722,17.123456,48.123456,245.5,0.0,1.95,0.0,0.0,0.0
2025-05-07T09:51:07.826507,4.8,883.0,644.1,860.3,814.7,1144.3,2.5,0.0,7.73,75.26315789473689,48.620848,18.331722,17.123456,48.123456,245.5,0.0,1.96,0.0,0.0,0.0
2025-05-07T09:51:10.173466,4.8,882.0,672.5,866.3,843.1,1150.3,2.5,0.0,7.62,69.47368421052636,48.62076,18.331636,17.123456,48.123456,245.5,0.0,1.95,0.0,0.0,0.0
2025-05-07T09:51:12.956384,4.7,882.0,673.1,870.8,843.7,1154.8,1.6,0.0,7.73,75.26315789473689,48.62076,18.331638,17.123456,48.123456,243.7,0.0,1.96,0.0,0.0,0.0
2025-05-07T09:51:15.381766,4.7,881.0,673.1,874.1,843.7,1158.1,1.3,0.0,7.76,76.84210526315792,48.62076,18.331638,17.123456,48.123456,243.5,0.0,1.96,0.0,0.0,0.0
2025-05-07T09:51:17.260279,4.6,881.0,673.1,876.5,843.7,1160.5,1.0,0.0,7.77,77.36842105263159,48.62076,18.331638,17.123456,48.123456,243.5,0.0,1.97,0.0,0.0,0.0
2025-05-07T09:51:19.994183,4.6,881.0,672.4,875.9,843.0,1159.9,6553.4,20.8,7.72,74.73684210526318,48.620756,18.331412,17.123456,48.123456,241.7,0.0,1.96,0.0,0.0,0.0
2025-05-07T09:51:23.016418,4.6,881.0,671.7,872.7,842.3,1156.7,6552.6,13.7,7.73,75.26315789473689,48.620688,18.33126,17.123456,48.123456,241.5,0.0,1.96,0.0,0.0,0.0
2025-05-07T09:51:25.944094,4.6,882.0,671.5,866.9,842.1,1150.9,6551.6,17.0,7.74,75.78947368421058,48.620576,18.331222,17.123456,48.123456,241.5,0.0,1.96,0.0,6.16,0.0
2025-05-07T09:51:28.806012,4.5,883.0,671.3,858.6,841.9,1142.6,6550.8,22.7,7.78,77.8947368421053,48.620444,18.331008,17.123456,48.123456,239.7,0.0,1.95,0.0,2.01,0.0
2025-05-07T09:51:31.161957,4.5,884.0,670.6,848.1,841.2,1132.1,6549.2,22.7,7.78,77.8947368421053,48.620444,18.330992,17.123456,48.123456,239.7,0.0,1.93,0.0,1.89,0.0
2025-05-07T09:51:33.939885,4.5,885.0,670.2,836.7,840.8,1120.7,6549.5,22.2,7.73,75.26315789473689,48.620392,18.330648,17.123456,48.123456,239.7,0.0,1.93,0.0,0.0,0.0
2025-05-07T09:51:36.367784,4.5,886.0,669.9,825.6,840.5,1109.6,6549.1,22.2,7.67,72.10526315789477,48.620376,18.330552,17.123456,48.123456,239.7,0.0,1.92,0.0,0.0,0.0
2025-05-07T09:51:38.919762,4.4,888.0,669.9,814.0,840.5,1098.0,6549.1,21.1,7.77,77.36842105263159,48.620264,18.330282,17.123456,48.123456,239.5,0.0,1.91,0.0,0.0,0.0
2025-05-07T09:51:41.306689,4.4,889.0,669.7,802.2,840.3,1086.2,6548.6,21.1,7.74,75.78947368421058,48.62022,18.330192,17.123456,48.123456,237.7,0.0,1.91,0.0,0.0,0.0
2025-05-07T09:51:43.901062,4.4,890.0,669.7,789.9,840.3,1073.9,6549.0,31.0,7.76,76.84210526315792,48.619996,18.329924,17.123456,48.123456,239.5,0.0,1.93,0.0,0.0,0.0
2025-05-07T09:51:46.957787,4.3,892.0,672.8,777.4,843.4,1061.4,6549.6,38.9,7.74,75.78947368421058,48.619816,18.329598,17.123456,48.123456,224.8,0.0,1.93,0.0,0.0,0.0
2025-05-07T09:51:49.735491,4.3,893.0,674.2,764.7,844.8,1048.7,6549.1,38.9,7.77,77.36842105263159,48.619772,18.32948,17.123456,48.123456,239.5,0.0,1.93,0.0,0.0,0.0
2025-05-07T09:51:52.216418,4.3,894.0,673.8,751.4,844.4,1035.4,6548.3,24.2,7.77,77.36842105263159,48.619464,18.32915,17.123456,48.123456,239.7,0.0,1.94,0.0,0.0,0.0
2025-05-07T09:51:54.936319,4.2,896.0,673.8,738.5,844.4,1022.5,6548.9,29.2,7.74,75.78947368421058,48.61936,18.32901,17.123456,48.123456,241.5,0.0,1.94,0.0,0.0,0.0
2025-05-07T09:51:57.580393,4.2,897.0,672.8,725.9,843.4,1009.9,6548.9,29.2,7.77,77.36842105263159,48.619304,18.328908,17.123456,48.123456,241.5,0.0,1.93,0.0,0.0,0.0
2025-05-07T09:51:59.424465,4.2,899.0,672.8,713.0,843.4,997.0,6548.2,29.2,7.72,74.73684210526318,48.619304,18.328908,17.123456,48.123456,239.5,0.0,1.93,0.0,0.0,0.0
2025-05-07T09:52:02.015164,4.2,900.0,671.3,700.1,841.9,984.1,6547.4,19.2,7.73,75.26315789473689,48.619132,18.328594,17.123456,48.123456,241.5,0.0,1.93,0.0,0.0,0.0
2025-05-07T09:52:04.971340,4.1,901.0,676.1,688.2,846.7,972.2,6549.7,15.3,7.74,75.78947368421058,48.619136,18.328484,17.123456,48.123456,241.5,0.0,1.92,0.0,0.0,0.0
2025-05-07T09:52:07.944276,4.1,903.0,688.0,676.0,858.6,960.0,6549.6,23.7,7.7,73.68421052631582,48.619096,18.3283,17.123456,48.123456,241.5,0.0,1.93,0.0,0.0,0.0
2025-05-07T09:52:10.653988,4.1,904.0,691.4,663.0,862.0,947.0,6548.8,23.7,7.77,77.36842105263159,48.619056,18.328238,17.123456,48.123456,241.5,0.0,1.94,0.0,0.0,0.0
2025-05-07T09:52:13.136121,4.1,906.0,691.4,648.7,862.0,932.7,6547.7,19.4,7.7,73.68421052631582,48.619004,18.328156,17.123456,48.123456,241.7,0.0,1.94,0.0,0.0,0.0
2025-05-07T09:52:15.912060,4.1,907.0,697.9,634.1,868.5,918.1,6548.7,24.1,7.75,76.31578947368423,48.618812,18.327938,17.123456,48.123456,241.7,0.0,1.94,0.0,0.0,0.0
2025-05-07T09:52:18.976093,4.1,909.0,697.0,619.0,867.6,903.0,6548.7,32.1,7.76,76.84210526315792,48.61862,18.327826,17.123456,48.123456,243.5,0.0,1.94,0.0,0.0,0.0
2025-05-07T09:52:21.889673,4.1,911.0,696.0,603.2,866.6,887.2,6548.2,26.9,7.73,75.26315789473689,48.618456,18.327664,17.123456,48.123456,243.7,0.0,1.94,0.0,0.0,0.0
2025-05-07T09:52:24.854544,4.1,912.0,690.4,586.5,861.0,870.5,6548.1,31.7,7.73,75.26315789473689,48.618312,18.32751,17.123456,48.123456,245.5,0.0,1.95,0.0,0.0,0.0
2025-05-07T09:52:27.857478,4.1,914.0,687.7,569.8,858.3,853.8,6548.0,16.8,7.76,76.84210526315792,48.618164,18.327416,17.123456,48.123456,245.7,0.0,1.96,0.0,0.0,0.0
2025-05-07T09:52:30.841397,4.1,916.0,681.0,553.3,851.6,837.3,6548.1,11.9,7.74,75.78947368421058,48.618112,18.327322,17.123456,48.123456,247.5,0.0,1.97,0.0,0.0,0.0
2025-05-07T09:52:33.767806,4.1,918.0,669.5,536.7,840.1,820.7,6547.8,25.7,7.76,76.84210526315792,48.618044,18.327192,17.123456,48.123456,247.5,0.0,1.97,0.0,0.0,0.0
2025-05-07T09:52:36.030266,4.1,920.0,665.7,520.0,836.3,804.0,6546.5,7.4,7.74,75.78947368421058,48.618032,18.32718,17.123456,48.123456,247.5,0.0,1.97,0.0,0.0,0.0
2025-05-07T09:52:38.319252,4.1,922.0,659.6,503.3,830.2,787.3,6546.3,7.4,7.76,76.84210526315792,48.617996,18.327114,17.123456,48.123456,247.5,0.0,1.97,0.0,0.0,0.0
2025-05-07T09:52:40.880873,4.2,923.0,659.6,487.6,830.2,771.6,6547.5,18.5,7.75,76.31578947368423,48.61786,18.327024,17.123456,48.123456,249.5,0.0,1.97,0.0,0.0,0.0
2025-05-07T09:52:43.873199,4.2,925.0,637.6,472.6,808.2,756.6,6548.6,13.6,7.74,75.78947368421058,48.61774,18.327022,17.123456,48.123456,249.5,0.0,1.99,0.0,0.0,0.0
2025-05-07T09:52:46.925142,4.2,927.0,629.8,457.9,800.4,741.9,6548.8,18.4,7.73,75.26315789473689,48.617604,18.326924,17.123456,48.123456,249.7,0.0,2.0,0.0,0.0,0.0
2025-05-07T09:52:49.482148,4.2,928.0,626.3,443.4,796.9,727.4,6547.9,18.4,7.75,76.31578947368423,48.617552,18.32692,17.123456,48.123456,251.4,0.0,1.99,0.0,0.0,0.0
2025-05-07T09:52:51.440954,4.3,930.0,626.3,428.7,796.9,712.7,6547.7,18.4,7.71,74.21052631578951,48.617552,18.32692,17.123456,48.123456,251.4,0.0,2.0,0.0,0.0,0.0
2025-05-07T09:52:53.751864,4.3,932.0,614.1,414.1,784.7,698.1,6545.7,18.4,7.75,76.31578947368423,48.617404,18.326804,17.123456,48.123456,249.7,0.0,2.0,0.0,0.0,0.0
2025-05-07T09:52:56.108104,4.4,933.0,605.3,400.8,775.9,684.8,6548.0,13.0,7.75,76.31578947368423,48.61734,18.32678,17.123456,48.123456,249.7,0.0,2.0,0.0,0.0,0.0
2025-05-07T09:52:58.944419,4.4,935.0,599.9,387.8,770.5,671.8,6549.0,12.7,7.74,75.78947368421058,48.617248,18.326722,17.123456,48.123456,249.7,0.0,2.0,0.0,0.0,0.0
2025-05-07T09:53:01.360109,4.4,936.0,592.5,374.8,763.1,658.8,6548.4,12.7,7.71,74.21052631578951,48.617228,18.326744,17.123456,48.123456,251.7,0.0,2.01,0.0,0.0,0.0
2025-05-07T09:53:03.242640,4.5,938.0,592.5,361.1,763.1,645.1,6547.8,12.7,7.73,75.26315789473689,48.617228,18.326744,17.123456,48.123456,253.4,0.0,2.02,0.0,0.0,0.0
2025-05-07T09:53:06.042175,4.5,939.0,585.2,347.5,755.8,631.5,6547.7,13.6,7.71,74.21052631578951,48.61714,18.32664,17.123456,48.123456,253.7,0.0,2.03,0.0,0.0,0.0
2025-05-07T09:53:08.325547,4.6,941.0,579.3,334.8,749.9,618.8,6548.2,13.6,7.71,74.21052631578951,48.61708,18.326624,17.123456,48.123456,253.7,0.0,2.03,0.0,0.0,0.0
2025-05-07T09:53:10.975501,4.6,942.0,579.3,321.6,749.9,605.6,6548.6,8.2,7.69,73.15789473684215,48.617064,18.326604,17.123456,48.123456,255.7,0.0,2.04,0.0,0.0,0.0
2025-05-07T09:53:13.955429,4.7,944.0,570.2,308.3,740.8,592.3,6549.1,8.4,7.74,75.78947368421058,48.617016,18.326652,17.123456,48.123456,257.7,0.0,2.04,0.0,0.0,0.0
2025-05-07T09:53:16.825300,4.7,945.0,562.9,294.5,733.5,578.5,6548.9,0.2,7.73,75.26315789473689,48.616944,18.326716,17.123456,48.123456,257.7,0.0,2.04,0.0,0.0,0.0
2025-05-07T09:53:19.563392,4.8,947.0,548.2,280.1,718.8,564.1,6548.4,0.4,7.71,74.21052631578951,48.616944,18.326724,17.123456,48.123456,259.4,0.0,2.04,0.0,0.0,0.0
2025-05-07T09:53:22.044449,4.9,949.0,548.2,265.2,718.8,549.2,6547.5,0.0,7.75,76.31578947368423,48.616928,18.326678,17.123456,48.123456,261.4,0.0,2.04,0.0,0.0,0.0
2025-05-07T09:53:24.968170,4.9,950.0,544.1,250.1,714.7,534.1,6548.6,0.3,7.64,70.5263157894737,48.61688,18.326574,17.123456,48.123456,261.7,0.0,2.04,0.0,0.0,0.0
2025-05-07T09:53:27.654539,5.0,952.0,538.9,235.3,709.5,519.3,6548.2,0.3,7.74,75.78947368421058,48.616884,18.326562,17.123456,48.123456,263.7,0.0,2.04,0.0,0.0,0.0
2025-05-07T09:53:29.961676,5.1,954.0,532.4,220.7,703.0,504.7,6547.2,9.9,7.74,75.78947368421058,48.616884,18.326506,17.123456,48.123456,265.4,0.0,2.04,0.0,0.0,0.0
2025-05-07T09:53:32.637055,5.1,955.0,529.5,206.5,700.1,490.5,6548.4,9.9,7.7,73.68421052631582,48.616852,18.326474,17.123456,48.123456,265.7,0.0,2.04,0.0,0.0,0.0
2025-05-07T09:53:34.894929,5.2,957.0,524.7,192.7,695.3,476.7,6547.6,7.8,7.73,75.26315789473689,48.616824,18.326452,17.123456,48.123456,267.4,0.0,2.04,0.0,0.0,0.0
2025-05-07T09:53:37.974871,5.3,958.0,518.9,178.6,689.5,462.6,6548.9,0.2,7.74,75.78947368421058,48.616836,18.326486,17.123456,48.123456,267.7,0.0,2.04,0.0,0.0,0.0
2025-05-07T09:53:40.704952,5.3,960.0,517.7,165.0,688.3,449.0,6548.6,0.2,7.74,75.78947368421058,48.616848,18.326472,17.123456,48.123456,267.7,0.0,2.04,0.0,0.0,0.0
2025-05-07T09:53:43.092775,5.4,962.0,415.3,960.0,2256.1,6319.2,4367.7,162.1,7.66,71.57894736842108,48.616864,18.326478,17.123456,48.123456,267.7,0.0,2.04,0.0,0.0,0.0
2025-05-07T09:53:45.860629,5.5,963.0,509.0,136.3,679.6,420.3,6548.4,8.5,7.72,74.73684210526318,48.616828,18.32638,17.123456,48.123456,269.4,0.0,2.05,0.0,0.0,0.0
2025-05-07T09:53:48.835083,5.5,965.0,497.4,122.0,668.0,406.0,6548.8,9.4,7.69,73.15789473684215,48.61682,18.326364,17.123456,48.123456,269.4,0.0,2.05,0.0,0.0,0.0
2025-05-07T09:53:51.678635,5.6,967.0,493.3,107.2,663.9,391.2,6548.3,9.2,7.7,73.68421052631582,48.616768,18.326318,17.123456,48.123456,271.4,0.0,2.05,0.0,0.0,0.0
2025-05-07T09:53:53.527482,5.7,968.0,493.3,92.1,663.9,376.1,6547.2,6.5,7.66,71.57894736842108,48.616768,18.326318,17.123456,48.123456,271.7,0.0,2.05,0.0,0.0,0.0
2025-05-07T09:53:55.882455,5.8,970.0,488.8,76.7,659.4,360.7,6545.6,7.3,7.73,75.26315789473689,48.616792,18.326232,17.123456,48.123456,271.7,0.0,2.05,0.0,0.0,0.0
2025-05-07T09:53:58.861997,5.8,972.0,481.6,62.7,652.2,346.7,6548.9,8.1,7.74,75.78947368421058,48.61678,18.326158,17.123456,48.123456,273.4,0.0,2.05,0.0,0.0,0.0
2025-05-07T09:54:01.860341,5.9,973.0,474.1,49.1,644.7,333.1,6549.1,10.6,7.68,72.63157894736844,48.616772,18.326072,17.123456,48.123456,271.4,0.0,2.05,0.0,0.0,0.0
2025-05-07T09:54:04.137245,6.0,975.0,472.1,34.7,642.7,318.7,6547.4,10.6,7.7,73.68421052631582,48.616772,18.326064,17.123456,48.123456,271.7,0.0,2.05,0.0,0.0,0.0
2025-05-07T09:54:06.989429,6.1,977.0,468.6,20.1,639.2,304.1,6548.5,14.0,7.71,74.21052631578951,48.616788,18.325972,17.123456,48.123456,273.4,0.0,2.05,0.0,0.0,0.0
2025-05-07T09:54:09.913488,6.1,978.0,459.4,5.8,630.0,289.8,6548.8,10.2,7.68,72.63157894736844,48.616744,18.325916,17.123456,48.123456,273.4,0.0,2.05,0.0,0.0,0.0
2025-05-07T09:54:12.803072,6.2,980.0,453.0,0.0,623.6,275.3,6551.6,5.6,7.73,75.26315789473689,48.616708,18.325854,17.123456,48.123456,271.7,0.0,2.06,0.0,0.0,0.0
2025-05-07T09:54:15.463968,6.3,982.0,444.4,0.0,615.0,260.2,0.0,16.4,7.74,75.78947368421058,48.616668,18.325652,17.123456,48.123456,271.7,0.0,2.06,0.0,0.0,0.0
2025-05-07T09:54:17.509938,6.4,984.0,444.4,0.0,615.0,245.1,0.0,16.4,7.66,71.57894736842108,48.616668,18.325652,17.123456,48.123456,271.7,0.0,2.06,0.0,0.0,0.0
2025-05-07T09:54:19.993894,6.5,985.0,438.8,0.0,609.4,230.3,0.0,10.3,7.73,75.26315789473689,48.616708,18.325546,17.123456,48.123456,271.7,0.0,2.05,0.0,0.0,0.0
2025-05-07T09:58:01.420866,332.4,35674.0,61.8,2066.4,2151.1,5792.9,102.4,4915.2,7.69,73.15789473684215,308.00404,18.28712,2701.346944,1383.38481,2451.5,0.2,207.67,0.0,104.96,8672.0
2025-05-07T09:59:05.871882,3912.2,35926.0,4437.4,2674.7,1531.2,772.3,1259.9,2579.2,68.04,100.0,3367.655541,1331.308492,3998.86375,3412.911021,2558.3,578.97,491.47,507.7,502.61,24096.0
2025-05-07T10:00:31.729585,20.2,1003.0,99.3,0.0,563.7,159.7,0.8,12.8,89.59,100.0,48.616608,269.951132,311.771824,36.174035,817.1,0.0,2.79,393.12,24.48,38473.0
2025-05-07T10:00:43.553486,2986.8,50042.0,390.1,5223.6,4674.5,4408.6,823.4,1040.6,369.71,100.0,1657.254129,3302.91132,234.892099,1037.977664,5484.3,126.78,412.32,25.66,0.8,27759.0
2025-05-07T10:01:18.072984,828.2,1771.0,2067.8,2950.9,6218.3,770.8,3763.3,2129.6,485.84,100.0,577.066235,2304.338304,3639.613845,43.205189,4024.6,81.92,74.4,371.68,417.29,63078.0
2025-05-07T10:16:50.258881,22.4,831.0,0.0,1470.9,0.0,1635.9,422.7,0.0,7.8,78.94736842105266,0.0,0.0,17.123456,48.123456,0.0,0.0,2.7,0.0,0.0,0.0
2025-05-07T10:16:51.920841,14.4,993.0,0.0,0.0,0.0,162.3,4942.6,0.0,7.74,75.78947368421058,0.0,0.0,17.123456,48.123456,409.5,0.0,2.64,0.0,0.0,0.0
2025-05-07T10:16:54.339321,14.5,993.0,0.0,0.0,0.0,162.4,0.0,0.0,7.77,77.36842105263159,0.0,0.0,17.123456,48.123456,411.1,0.0,2.58,0.0,0.0,0.0
2025-05-07T10:16:56.752749,14.5,993.0,0.0,0.0,0.0,162.4,0.0,0.0,7.79,78.42105263157897,0.0,0.0,17.123456,48.123456,403.5,0.0,2.52,0.0,0.0,0.0
2025-05-07T10:16:59.348688,14.5,993.0,0.0,0.0,0.0,162.4,0.0,0.0,7.73,75.26315789473689,0.0,0.0,17.123456,48.123456,379.2,0.0,2.49,0.0,0.0,0.0
2025-05-07T10:17:01.772621,14.5,993.0,0.0,0.0,0.0,162.4,0.0,0.0,7.73,75.26315789473689,0.0,0.0,17.123456,48.123456,391.6,0.0,2.47,0.0,0.0,0.0
2025-05-07T10:17:04.392325,14.5,993.0,0.0,0.0,0.0,162.4,0.0,0.0,7.78,77.8947368421053,0.0,0.0,17.123456,48.123456,373.6,0.0,2.46,0.0,0.0,0.0
2025-05-07T10:17:06.818308,14.5,993.0,0.0,0.0,0.0,162.5,0.0,0.0,7.78,77.8947368421053,0.0,0.0,17.123456,48.123456,390.8,0.0,2.41,0.0,0.0,0.0
2025-05-07T10:22:31.080815,2821.6,59107.0,5154.3,4942.8,3510.0,5166.9,6094.2,4006.3,156.91,100.0,1640.563545,123.246119,3422.934387,2140.693908,1925.7,144.82,599.96,293.94,32.78,12676.0
